choice,h,p,subject,Xg,Xs
1,1,70,1,150,50
1,1,70,1,150,50
2,1,70,1,150,52
2,1,70,1,150,54
2,1,70,1,150,60
2,1,70,1,150,66
2,1,70,1,150,83
2,1,70,1,150,100
1,2,70,1,150,50
2,2,70,1,150,50
2,2,70,1,150,52
2,2,70,1,150,54
2,2,70,1,150,60
2,2,70,1,150,66
2,2,70,1,150,83
2,2,70,1,150,100
1,1,90,1,400,133
1,1,90,1,400,147
1,1,90,1,400,162
1,1,90,1,400,167
2,1,90,1,400,172
2,1,90,1,400,177
2,1,90,1,400,222
2,1,90,1,400,266
1,2,90,1,400,44
1,2,90,1,400,49
1,2,90,1,400,54
2,2,90,1,400,59
1,2,90,1,400,74
2,2,90,1,400,89
2,2,90,1,400,133
1,2,90,1,400,266
1,1,10,1,500,18
1,1,10,1,500,37
2,1,10,1,500,43
2,1,10,1,500,50
2,1,10,1,500,56
2,1,10,1,500,112
2,1,10,1,500,167
2,1,10,1,500,333
1,2,10,1,500,56
2,2,10,1,500,61
2,2,10,1,500,68
2,2,10,1,500,74
1,2,10,1,500,93
2,2,10,1,500,112
2,2,10,1,500,167
2,2,10,1,500,333
1,1,55,1,700,25
1,1,55,1,700,51
1,1,55,1,700,59
2,1,55,1,700,68
2,1,55,1,700,77
2,1,55,1,700,155
2,1,55,1,700,233
2,1,55,1,700,467
1,2,55,1,700,25
1,2,55,1,700,51
2,2,55,1,700,59
1,2,55,1,700,68
2,2,55,1,700,77
2,2,55,1,700,155
2,2,55,1,700,233
2,2,55,1,700,467
1,1,6,1,2000,22
2,1,6,1,2000,47
2,1,6,1,2000,72
1,1,6,1,2000,147
2,1,6,1,2000,221
2,1,6,1,2000,444
2,1,6,1,2000,666
2,1,6,1,2000,1333
1,2,6,1,2000,72
1,2,6,1,2000,147
2,2,6,1,2000,172
1,2,6,1,2000,197
2,2,6,1,2000,221
2,2,6,1,2000,444
2,2,6,1,2000,666
2,2,6,1,2000,1333
1,1,99,1,5000,1667
1,1,99,1,5000,2222
1,1,99,1,5000,2778
1,1,99,1,5000,2963
1,1,99,1,5000,3149
1,1,99,1,5000,3211
1,1,99,1,5000,3273
2,1,99,1,5000,3333
1,2,99,1,5000,1667
1,2,99,1,5000,3333
1,2,99,1,5000,3888
1,2,99,1,5000,4444
1,2,99,1,5000,4505
1,2,99,1,5000,4567
2,2,99,1,5000,4629
1,2,99,1,5000,4815
2,1,0.2,1,10000,122
2,1,0.2,1,10000,246
2,1,0.2,1,10000,370
2,1,0.2,1,10000,741
2,1,0.2,1,10000,1111
2,1,0.2,1,10000,2222
2,1,0.2,1,10000,3333
2,1,0.2,1,10000,6666
2,2,0.2,1,10000,122
2,2,0.2,1,10000,246
2,2,0.2,1,10000,370
2,2,0.2,1,10000,741
2,2,0.2,1,10000,1111
2,2,0.2,1,10000,2222
2,2,0.2,1,10000,3333
2,2,0.2,1,10000,6666
1,1,70,2,150,16
1,1,70,2,150,33
1,1,70,2,150,38
1,1,70,2,150,44
2,1,70,2,150,46
2,1,70,2,150,48
2,1,70,2,150,50
2,1,70,2,150,100
1,2,70,2,150,50
1,2,70,2,150,54
1,2,70,2,150,56
2,2,70,2,150,58
2,2,70,2,150,60
2,2,70,2,150,66
2,2,70,2,150,83
2,2,70,2,150,100
1,1,90,2,400,133
1,1,90,2,400,147
1,1,90,2,400,162
1,1,90,2,400,167
1,1,90,2,400,172
2,1,90,2,400,177
1,1,90,2,400,222
2,1,90,2,400,266
1,2,90,2,400,133
1,2,90,2,400,177
1,2,90,2,400,192
1,2,90,2,400,197
1,2,90,2,400,202
2,2,90,2,400,207
2,2,90,2,400,222
2,2,90,2,400,266
1,1,10,2,500,56
1,1,10,2,500,61
2,1,10,2,500,68
2,1,10,2,500,74
2,1,10,2,500,93
2,1,10,2,500,112
2,1,10,2,500,167
2,1,10,2,500,333
1,2,10,2,500,5
1,2,10,2,500,12
2,2,10,2,500,18
2,2,10,2,500,37
2,2,10,2,500,56
2,2,10,2,500,112
2,2,10,2,500,167
2,2,10,2,500,333
1,1,55,2,700,77
1,1,55,2,700,85
2,1,55,2,700,94
2,1,55,2,700,103
2,1,55,2,700,129
2,1,55,2,700,155
2,1,55,2,700,233
2,1,55,2,700,467
1,2,55,2,700,233
2,2,55,2,700,241
2,2,55,2,700,250
2,2,55,2,700,259
2,2,55,2,700,285
2,2,55,2,700,311
2,2,55,2,700,389
2,2,55,2,700,467
1,1,6,2,2000,72
1,1,6,2,2000,97
2,1,6,2,2000,122
2,1,6,2,2000,147
2,1,6,2,2000,221
2,1,6,2,2000,444
2,1,6,2,2000,666
2,1,6,2,2000,1333
1,2,6,2,2000,22
1,2,6,2,2000,47
2,2,6,2,2000,72
1,2,6,2,2000,147
2,2,6,2,2000,221
2,2,6,2,2000,444
2,2,6,2,2000,666
2,2,6,2,2000,1333
1,1,99,2,5000,1667
1,1,99,2,5000,3333
1,1,99,2,5000,3888
1,1,99,2,5000,4444
1,1,99,2,5000,4629
2,1,99,2,5000,4691
2,1,99,2,5000,4753
2,1,99,2,5000,4815
1,2,99,2,5000,1667
1,2,99,2,5000,3333
1,2,99,2,5000,3888
1,2,99,2,5000,4444
2,2,99,2,5000,4505
2,2,99,2,5000,4567
2,2,99,2,5000,4629
1,2,99,2,5000,4815
1,1,0.2,2,10000,122
2,1,0.2,2,10000,246
2,1,0.2,2,10000,370
2,1,0.2,2,10000,741
2,1,0.2,2,10000,1111
2,1,0.2,2,10000,2222
2,1,0.2,2,10000,3333
2,1,0.2,2,10000,6666
1,2,0.2,2,10000,122
2,2,0.2,2,10000,246
2,2,0.2,2,10000,370
2,2,0.2,2,10000,741
2,2,0.2,2,10000,1111
2,2,0.2,2,10000,2222
2,2,0.2,2,10000,3333
2,2,0.2,2,10000,6666
1,1,70,3,150,50
1,1,70,3,150,100
1,1,70,3,150,104
1,1,70,3,150,110
2,1,70,3,150,112
2,1,70,3,150,114
2,1,70,3,150,116
2,1,70,3,150,133
1,2,70,3,150,50
1,2,70,3,150,100
1,2,70,3,150,100
2,2,70,3,150,102
2,2,70,3,150,104
1,2,70,3,150,110
2,2,70,3,150,116
2,2,70,3,150,133
1,1,90,3,400,133
1,1,90,3,400,266
1,1,90,3,400,280
1,1,90,3,400,295
2,1,90,3,400,300
1,1,90,3,400,305
2,1,90,3,400,310
2,1,90,3,400,355
1,2,90,3,400,133
1,2,90,3,400,177
1,2,90,3,400,222
1,2,90,3,400,237
1,2,90,3,400,252
2,2,90,3,400,257
1,2,90,3,400,262
2,2,90,3,400,266
1,1,10,3,500,56
1,1,10,3,500,112
2,1,10,3,500,117
2,1,10,3,500,124
2,1,10,3,500,130
2,1,10,3,500,149
2,1,10,3,500,167
2,1,10,3,500,333
1,2,10,3,500,56
1,2,10,3,500,61
1,2,10,3,500,68
2,2,10,3,500,74
1,2,10,3,500,93
2,2,10,3,500,112
2,2,10,3,500,167
2,2,10,3,500,333
1,1,55,3,700,233
1,1,55,3,700,259
1,1,55,3,700,285
2,1,55,3,700,293
2,1,55,3,700,302
2,1,55,3,700,311
2,1,55,3,700,389
2,1,55,3,700,467
1,2,55,3,700,233
2,2,55,3,700,241
2,2,55,3,700,250
2,2,55,3,700,259
2,2,55,3,700,285
2,2,55,3,700,311
2,2,55,3,700,389
2,2,55,3,700,467
1,1,6,3,2000,72
1,1,6,3,2000,97
2,1,6,3,2000,122
2,1,6,3,2000,147
2,1,6,3,2000,221
2,1,6,3,2000,444
2,1,6,3,2000,666
2,1,6,3,2000,1333
1,2,6,3,2000,72
1,2,6,3,2000,147
2,2,6,3,2000,172
2,2,6,3,2000,197
2,2,6,3,2000,221
2,2,6,3,2000,444
2,2,6,3,2000,666
2,2,6,3,2000,1333
1,1,99,3,5000,1667
1,1,99,3,5000,3333
1,1,99,3,5000,3888
1,1,99,3,5000,4444
1,1,99,3,5000,4629
1,1,99,3,5000,4691
2,1,99,3,5000,4753
2,1,99,3,5000,4815
1,2,99,3,5000,1667
1,2,99,3,5000,3333
1,2,99,3,5000,3888
1,2,99,3,5000,4444
1,2,99,3,5000,4505
2,2,99,3,5000,4567
2,2,99,3,5000,4629
1,2,99,3,5000,4815
2,1,0.2,3,10000,122
2,1,0.2,3,10000,246
2,1,0.2,3,10000,370
2,1,0.2,3,10000,741
2,1,0.2,3,10000,1111
2,1,0.2,3,10000,2222
2,1,0.2,3,10000,3333
2,1,0.2,3,10000,6666
2,2,0.2,3,10000,122
2,2,0.2,3,10000,246
2,2,0.2,3,10000,370
2,2,0.2,3,10000,741
2,2,0.2,3,10000,1111
2,2,0.2,3,10000,2222
2,2,0.2,3,10000,3333
2,2,0.2,3,10000,6666
1,1,70,4,150,50
1,1,70,4,150,66
1,1,70,4,150,83
1,1,70,4,150,88
1,1,70,4,150,94
1,1,70,4,150,96
2,1,70,4,150,98
2,1,70,4,150,100
1,2,70,4,150,50
1,2,70,4,150,100
1,2,70,4,150,116
1,2,70,4,150,121
2,2,70,4,150,123
2,2,70,4,150,125
2,2,70,4,150,127
2,2,70,4,150,133
1,1,90,4,400,133
1,1,90,4,400,266
1,1,90,4,400,280
1,1,90,4,400,285
2,1,90,4,400,290
2,1,90,4,400,295
2,1,90,4,400,310
2,1,90,4,400,355
1,2,90,4,400,133
1,2,90,4,400,266
2,2,90,4,400,270
2,2,90,4,400,275
2,2,90,4,400,280
2,2,90,4,400,295
2,2,90,4,400,310
2,2,90,4,400,355
1,1,10,4,500,56
1,1,10,4,500,112
1,1,10,4,500,130
1,1,10,4,500,149
1,1,10,4,500,155
1,1,10,4,500,162
2,1,10,4,500,167
2,1,10,4,500,333
1,2,10,4,500,56
1,2,10,4,500,74
1,2,10,4,500,93
1,2,10,4,500,99
1,2,10,4,500,106
2,2,10,4,500,112
2,2,10,4,500,167
2,2,10,4,500,333
1,1,55,4,700,233
1,1,55,4,700,241
1,1,55,4,700,250
2,1,55,4,700,259
2,1,55,4,700,285
2,1,55,4,700,311
2,1,55,4,700,389
2,1,55,4,700,467
1,2,55,4,700,233
1,2,55,4,700,241
2,2,55,4,700,250
2,2,55,4,700,259
1,2,55,4,700,285
2,2,55,4,700,311
2,2,55,4,700,389
2,2,55,4,700,467
1,1,6,4,2000,22
1,1,6,4,2000,47
2,1,6,4,2000,72
1,1,6,4,2000,147
2,1,6,4,2000,221
2,1,6,4,2000,444
2,1,6,4,2000,666
2,1,6,4,2000,1333
1,2,6,4,2000,221
2,2,6,4,2000,245
1,2,6,4,2000,270
2,2,6,4,2000,295
2,2,6,4,2000,370
2,2,6,4,2000,444
2,2,6,4,2000,666
2,2,6,4,2000,1333
1,1,99,4,5000,1667
1,1,99,4,5000,3333
1,1,99,4,5000,3517
2,1,99,4,5000,3579
2,1,99,4,5000,3641
2,1,99,4,5000,3703
2,1,99,4,5000,3888
2,1,99,4,5000,4444
1,2,99,4,5000,1667
1,2,99,4,5000,2222
1,2,99,4,5000,2778
1,2,99,4,5000,2839
2,2,99,4,5000,2901
2,2,99,4,5000,2963
2,2,99,4,5000,3149
2,2,99,4,5000,3333
1,1,0.2,4,10000,122
1,1,0.2,4,10000,246
2,1,0.2,4,10000,370
2,1,0.2,4,10000,741
2,1,0.2,4,10000,1111
2,1,0.2,4,10000,2222
2,1,0.2,4,10000,3333
2,1,0.2,4,10000,6666
1,2,0.2,4,10000,122
1,2,0.2,4,10000,246
2,2,0.2,4,10000,370
2,2,0.2,4,10000,741
2,2,0.2,4,10000,1111
2,2,0.2,4,10000,2222
2,2,0.2,4,10000,3333
2,2,0.2,4,10000,6666
1,1,70,5,150,16
1,1,70,5,150,33
1,1,70,5,150,38
1,1,70,5,150,44
1,1,70,5,150,46
1,1,70,5,150,48
2,1,70,5,150,50
2,1,70,5,150,100
1,2,70,5,150,16
1,2,70,5,150,33
1,2,70,5,150,38
1,2,70,5,150,44
1,2,70,5,150,46
1,2,70,5,150,48
2,2,70,5,150,50
2,2,70,5,150,100
1,1,90,5,400,44
1,1,90,5,400,89
1,1,90,5,400,104
1,1,90,5,400,119
1,1,90,5,400,124
1,1,90,5,400,129
2,1,90,5,400,133
2,1,90,5,400,266
1,2,90,5,400,44
1,2,90,5,400,89
1,2,90,5,400,104
1,2,90,5,400,119
1,2,90,5,400,124
1,2,90,5,400,129
2,2,90,5,400,133
2,2,90,5,400,266
1,1,10,5,500,56
2,1,10,5,500,61
2,1,10,5,500,68
2,1,10,5,500,74
2,1,10,5,500,93
2,1,10,5,500,112
2,1,10,5,500,167
2,1,10,5,500,333
1,2,10,5,500,18
1,2,10,5,500,37
1,2,10,5,500,43
2,2,10,5,500,50
2,2,10,5,500,56
2,2,10,5,500,112
2,2,10,5,500,167
2,2,10,5,500,333
1,1,55,5,700,77
1,1,55,5,700,85
1,1,55,5,700,94
2,1,55,5,700,103
1,1,55,5,700,129
2,1,55,5,700,155
2,1,55,5,700,233
2,1,55,5,700,467
1,2,55,5,700,77
1,2,55,5,700,85
1,2,55,5,700,94
2,2,55,5,700,103
2,2,55,5,700,129
2,2,55,5,700,155
2,2,55,5,700,233
2,2,55,5,700,467
1,1,6,5,2000,72
2,1,6,5,2000,97
2,1,6,5,2000,122
2,1,6,5,2000,147
2,1,6,5,2000,221
2,1,6,5,2000,444
2,1,6,5,2000,666
2,1,6,5,2000,1333
1,2,6,5,2000,72
2,2,6,5,2000,97
2,2,6,5,2000,122
2,2,6,5,2000,147
2,2,6,5,2000,221
2,2,6,5,2000,444
2,2,6,5,2000,666
2,2,6,5,2000,1333
1,1,99,5,5000,1667
1,1,99,5,5000,3333
1,1,99,5,5000,3888
1,1,99,5,5000,4444
1,1,99,5,5000,4629
1,1,99,5,5000,4691
2,1,99,5,5000,4753
2,1,99,5,5000,4815
1,2,99,5,5000,1667
1,2,99,5,5000,3333
1,2,99,5,5000,3888
1,2,99,5,5000,4073
1,2,99,5,5000,4259
1,2,99,5,5000,4321
1,2,99,5,5000,4383
2,2,99,5,5000,4444
2,1,0.2,5,10000,122
2,1,0.2,5,10000,246
2,1,0.2,5,10000,370
2,1,0.2,5,10000,741
2,1,0.2,5,10000,1111
2,1,0.2,5,10000,2222
2,1,0.2,5,10000,3333
2,1,0.2,5,10000,6666
2,2,0.2,5,10000,122
2,2,0.2,5,10000,246
2,2,0.2,5,10000,370
2,2,0.2,5,10000,741
2,2,0.2,5,10000,1111
2,2,0.2,5,10000,2222
2,2,0.2,5,10000,3333
2,2,0.2,5,10000,6666
1,1,70,6,150,50
1,1,70,6,150,66
1,1,70,6,150,71
2,1,70,6,150,73
2,1,70,6,150,75
2,1,70,6,150,77
2,1,70,6,150,83
2,1,70,6,150,100
1,2,70,6,150,50
1,2,70,6,150,54
2,2,70,6,150,56
2,2,70,6,150,58
2,2,70,6,150,60
2,2,70,6,150,66
1,2,70,6,150,83
2,2,70,6,150,100
1,1,90,6,400,133
1,1,90,6,400,266
1,1,90,6,400,280
2,1,90,6,400,285
2,1,90,6,400,290
2,1,90,6,400,295
2,1,90,6,400,310
2,1,90,6,400,355
1,2,90,6,400,133
1,2,90,6,400,266
2,2,90,6,400,270
2,2,90,6,400,275
2,2,90,6,400,280
2,2,90,6,400,295
2,2,90,6,400,310
2,2,90,6,400,355
1,1,10,6,500,167
1,1,10,6,500,171
2,1,10,6,500,178
2,1,10,6,500,184
2,1,10,6,500,203
2,1,10,6,500,222
2,1,10,6,500,278
2,1,10,6,500,333
1,2,10,6,500,56
1,2,10,6,500,61
1,2,10,6,500,68
2,2,10,6,500,74
2,2,10,6,500,93
2,2,10,6,500,112
2,2,10,6,500,167
2,2,10,6,500,333
1,1,55,6,700,233
2,1,55,6,700,241
2,1,55,6,700,250
2,1,55,6,700,259
2,1,55,6,700,285
2,1,55,6,700,311
2,1,55,6,700,389
2,1,55,6,700,467
1,2,55,6,700,77
1,2,55,6,700,85
2,2,55,6,700,94
2,2,55,6,700,103
2,2,55,6,700,129
2,2,55,6,700,155
2,2,55,6,700,233
2,2,55,6,700,467
1,1,6,6,2000,72
1,1,6,6,2000,97
1,1,6,6,2000,122
2,1,6,6,2000,147
2,1,6,6,2000,221
2,1,6,6,2000,444
2,1,6,6,2000,666
2,1,6,6,2000,1333
1,2,6,6,2000,72
1,2,6,6,2000,147
2,2,6,6,2000,172
2,2,6,6,2000,197
2,2,6,6,2000,221
2,2,6,6,2000,444
2,2,6,6,2000,666
2,2,6,6,2000,1333
1,1,99,6,5000,1667
1,1,99,6,5000,3333
1,1,99,6,5000,3888
1,1,99,6,5000,4073
2,1,99,6,5000,4135
2,1,99,6,5000,4197
2,1,99,6,5000,4259
2,1,99,6,5000,4444
1,2,99,6,5000,1667
1,2,99,6,5000,3333
1,2,99,6,5000,3888
1,2,99,6,5000,4444
2,2,99,6,5000,4505
2,2,99,6,5000,4567
2,2,99,6,5000,4629
2,2,99,6,5000,4815
1,1,0.2,6,10000,1111
1,1,0.2,6,10000,1481
2,1,0.2,6,10000,1604
2,1,0.2,6,10000,1728
2,1,0.2,6,10000,1852
2,1,0.2,6,10000,2222
2,1,0.2,6,10000,3333
2,1,0.2,6,10000,6666
1,2,0.2,6,10000,370
2,2,0.2,6,10000,493
2,2,0.2,6,10000,617
2,2,0.2,6,10000,741
2,2,0.2,6,10000,1111
2,2,0.2,6,10000,2222
2,2,0.2,6,10000,3333
2,2,0.2,6,10000,6666
1,1,70,7,150,16
1,1,70,7,150,33
1,1,70,7,150,38
1,1,70,7,150,44
1,1,70,7,150,46
1,1,70,7,150,48
2,1,70,7,150,50
2,1,70,7,150,100
1,2,70,7,150,16
1,2,70,7,150,33
1,2,70,7,150,34
1,2,70,7,150,36
2,2,70,7,150,38
1,2,70,7,150,44
2,2,70,7,150,50
2,2,70,7,150,100
1,1,90,7,400,133
1,1,90,7,400,177
2,1,90,7,400,182
2,1,90,7,400,187
2,1,90,7,400,192
2,1,90,7,400,207
2,1,90,7,400,222
2,1,90,7,400,266
1,2,90,7,400,133
1,2,90,7,400,266
2,2,90,7,400,270
2,2,90,7,400,275
2,2,90,7,400,280
2,2,90,7,400,295
2,2,90,7,400,310
2,2,90,7,400,355
1,1,10,7,500,18
1,1,10,7,500,37
1,1,10,7,500,43
2,1,10,7,500,50
2,1,10,7,500,56
2,1,10,7,500,112
2,1,10,7,500,167
2,1,10,7,500,333
1,2,10,7,500,18
1,2,10,7,500,37
1,2,10,7,500,43
2,2,10,7,500,50
2,2,10,7,500,56
2,2,10,7,500,112
2,2,10,7,500,167
2,2,10,7,500,333
1,1,55,7,700,77
1,1,55,7,700,103
1,1,55,7,700,129
2,1,55,7,700,137
2,1,55,7,700,146
2,1,55,7,700,155
2,1,55,7,700,233
2,1,55,7,700,467
1,2,55,7,700,25
1,2,55,7,700,51
1,2,55,7,700,59
1,2,55,7,700,68
2,2,55,7,700,77
2,2,55,7,700,155
2,2,55,7,700,233
2,2,55,7,700,467
1,1,6,7,2000,22
2,1,6,7,2000,47
2,1,6,7,2000,72
2,1,6,7,2000,147
2,1,6,7,2000,221
2,1,6,7,2000,444
2,1,6,7,2000,666
2,1,6,7,2000,1333
2,2,6,7,2000,22
2,2,6,7,2000,47
2,2,6,7,2000,72
2,2,6,7,2000,147
2,2,6,7,2000,221
2,2,6,7,2000,444
2,2,6,7,2000,666
2,2,6,7,2000,1333
1,1,99,7,5000,1667
1,1,99,7,5000,3333
1,1,99,7,5000,3517
1,1,99,7,5000,3703
1,1,99,7,5000,3765
1,1,99,7,5000,3827
2,1,99,7,5000,3888
2,1,99,7,5000,4444
1,2,99,7,5000,1667
1,2,99,7,5000,3333
1,2,99,7,5000,3393
2,2,99,7,5000,3455
2,2,99,7,5000,3517
2,2,99,7,5000,3703
2,2,99,7,5000,3888
2,2,99,7,5000,4444
2,1,0.2,7,10000,122
2,1,0.2,7,10000,246
2,1,0.2,7,10000,370
2,1,0.2,7,10000,741
2,1,0.2,7,10000,1111
2,1,0.2,7,10000,2222
2,1,0.2,7,10000,3333
2,1,0.2,7,10000,6666
2,2,0.2,7,10000,122
2,2,0.2,7,10000,246
2,2,0.2,7,10000,370
2,2,0.2,7,10000,741
2,2,0.2,7,10000,1111
2,2,0.2,7,10000,2222
2,2,0.2,7,10000,3333
2,2,0.2,7,10000,6666
1,1,70,8,150,50
1,1,70,8,150,66
2,1,70,8,150,67
2,1,70,8,150,69
2,1,70,8,150,71
2,1,70,8,150,77
2,1,70,8,150,83
2,1,70,8,150,100
1,2,70,8,150,50
1,2,70,8,150,66
2,2,70,8,150,67
2,2,70,8,150,69
2,2,70,8,150,71
2,2,70,8,150,77
2,2,70,8,150,83
2,2,70,8,150,100
1,1,90,8,400,133
1,1,90,8,400,266
1,1,90,8,400,310
1,1,90,8,400,355
2,1,90,8,400,360
2,1,90,8,400,365
2,1,90,8,400,370
2,1,90,8,400,385
1,2,90,8,400,133
1,2,90,8,400,266
1,2,90,8,400,310
1,2,90,8,400,355
2,2,90,8,400,360
1,2,90,8,400,365
2,2,90,8,400,370
2,2,90,8,400,385
1,1,10,8,500,56
1,1,10,8,500,74
1,1,10,8,500,93
1,1,10,8,500,99
1,1,10,8,500,106
2,1,10,8,500,112
2,1,10,8,500,167
2,1,10,8,500,333
1,2,10,8,500,18
1,2,10,8,500,37
1,2,10,8,500,43
2,2,10,8,500,50
2,2,10,8,500,56
2,2,10,8,500,112
2,2,10,8,500,167
2,2,10,8,500,333
1,1,55,8,700,233
1,1,55,8,700,241
2,1,55,8,700,250
2,1,55,8,700,259
2,1,55,8,700,285
2,1,55,8,700,311
2,1,55,8,700,389
2,1,55,8,700,467
1,2,55,8,700,233
2,2,55,8,700,241
2,2,55,8,700,250
2,2,55,8,700,259
2,2,55,8,700,285
2,2,55,8,700,311
2,2,55,8,700,389
2,2,55,8,700,467
1,1,6,8,2000,72
2,1,6,8,2000,97
2,1,6,8,2000,122
2,1,6,8,2000,147
2,1,6,8,2000,221
2,1,6,8,2000,444
2,1,6,8,2000,666
2,1,6,8,2000,1333
1,2,6,8,2000,22
1,2,6,8,2000,47
2,2,6,8,2000,72
2,2,6,8,2000,147
2,2,6,8,2000,221
2,2,6,8,2000,444
2,2,6,8,2000,666
2,2,6,8,2000,1333
1,1,99,8,5000,1667
1,1,99,8,5000,3333
1,1,99,8,5000,3888
1,1,99,8,5000,4444
1,1,99,8,5000,4505
1,1,99,8,5000,4567
2,1,99,8,5000,4629
2,1,99,8,5000,4815
1,2,99,8,5000,1667
1,2,99,8,5000,3333
1,2,99,8,5000,3888
1,2,99,8,5000,4444
1,2,99,8,5000,4505
1,2,99,8,5000,4567
2,2,99,8,5000,4629
2,2,99,8,5000,4815
2,1,0.2,8,10000,122
2,1,0.2,8,10000,246
2,1,0.2,8,10000,370
2,1,0.2,8,10000,741
2,1,0.2,8,10000,1111
2,1,0.2,8,10000,2222
2,1,0.2,8,10000,3333
2,1,0.2,8,10000,6666
2,2,0.2,8,10000,122
2,2,0.2,8,10000,246
2,2,0.2,8,10000,370
2,2,0.2,8,10000,741
2,2,0.2,8,10000,1111
2,2,0.2,8,10000,2222
2,2,0.2,8,10000,3333
2,2,0.2,8,10000,6666
1,1,70,9,150,16
1,1,70,9,150,33
1,1,70,9,150,38
1,1,70,9,150,44
1,1,70,9,150,46
1,1,70,9,150,48
2,1,70,9,150,50
2,1,70,9,150,100
1,2,70,9,150,16
1,2,70,9,150,33
1,2,70,9,150,38
1,2,70,9,150,44
1,2,70,9,150,46
2,2,70,9,150,48
2,2,70,9,150,50
2,2,70,9,150,100
1,1,90,9,400,133
1,1,90,9,400,266
1,1,90,9,400,310
1,1,90,9,400,355
2,1,90,9,400,360
2,1,90,9,400,365
2,1,90,9,400,370
2,1,90,9,400,385
1,2,90,9,400,133
1,2,90,9,400,266
1,2,90,9,400,270
1,2,90,9,400,275
2,2,90,9,400,280
1,2,90,9,400,295
2,2,90,9,400,310
2,2,90,9,400,355
1,1,10,9,500,167
2,1,10,9,500,171
2,1,10,9,500,178
2,1,10,9,500,184
2,1,10,9,500,203
2,1,10,9,500,222
2,1,10,9,500,278
2,1,10,9,500,333
1,2,10,9,500,18
1,2,10,9,500,37
1,2,10,9,500,43
2,2,10,9,500,50
2,2,10,9,500,56
2,2,10,9,500,112
2,2,10,9,500,167
2,2,10,9,500,333
1,1,55,9,700,233
1,1,55,9,700,259
1,1,55,9,700,285
2,1,55,9,700,293
2,1,55,9,700,302
2,1,55,9,700,311
1,1,55,9,700,389
2,1,55,9,700,467
1,2,55,9,700,233
1,2,55,9,700,311
2,2,55,9,700,319
1,2,55,9,700,328
2,2,55,9,700,337
2,2,55,9,700,363
2,2,55,9,700,389
2,2,55,9,700,467
1,1,6,9,2000,22
1,1,6,9,2000,47
2,1,6,9,2000,72
2,1,6,9,2000,147
2,1,6,9,2000,221
2,1,6,9,2000,444
2,1,6,9,2000,666
2,1,6,9,2000,1333
2,2,6,9,2000,22
1,2,6,9,2000,47
2,2,6,9,2000,72
2,2,6,9,2000,147
2,2,6,9,2000,221
2,2,6,9,2000,444
2,2,6,9,2000,666
2,2,6,9,2000,1333
1,1,99,9,5000,1667
1,1,99,9,5000,3333
1,1,99,9,5000,3888
1,1,99,9,5000,4444
1,1,99,9,5000,4629
1,1,99,9,5000,4815
2,1,99,9,5000,4877
2,1,99,9,5000,4939
1,2,99,9,5000,1667
1,2,99,9,5000,3333
1,2,99,9,5000,3888
1,2,99,9,5000,4444
2,2,99,9,5000,4505
2,2,99,9,5000,4567
2,2,99,9,5000,4629
2,2,99,9,5000,4815
1,1,0.2,9,10000,122
2,1,0.2,9,10000,246
2,1,0.2,9,10000,370
2,1,0.2,9,10000,741
2,1,0.2,9,10000,1111
2,1,0.2,9,10000,2222
2,1,0.2,9,10000,3333
2,1,0.2,9,10000,6666
2,2,0.2,9,10000,122
2,2,0.2,9,10000,246
2,2,0.2,9,10000,370
2,2,0.2,9,10000,741
2,2,0.2,9,10000,1111
2,2,0.2,9,10000,2222
2,2,0.2,9,10000,3333
2,2,0.2,9,10000,6666
1,1,70,10,150,50
1,1,70,10,150,50
2,1,70,10,150,52
2,1,70,10,150,54
1,1,70,10,150,60
2,1,70,10,150,66
2,1,70,10,150,83
2,1,70,10,150,100
1,2,70,10,150,50
1,2,70,10,150,66
1,2,70,10,150,67
2,2,70,10,150,69
2,2,70,10,150,71
2,2,70,10,150,77
2,2,70,10,150,83
2,2,70,10,150,100
1,1,90,10,400,133
1,1,90,10,400,266
2,1,90,10,400,270
2,1,90,10,400,275
2,1,90,10,400,280
2,1,90,10,400,295
2,1,90,10,400,310
2,1,90,10,400,355
1,2,90,10,400,133
1,2,90,10,400,266
1,2,90,10,400,310
2,2,90,10,400,315
2,2,90,10,400,320
2,2,90,10,400,325
2,2,90,10,400,340
2,2,90,10,400,355
1,1,10,10,500,18
2,1,10,10,500,24
1,1,10,10,500,31
2,1,10,10,500,37
2,1,10,10,500,56
2,1,10,10,500,112
2,1,10,10,500,167
2,1,10,10,500,333
1,2,10,10,500,5
1,2,10,10,500,12
2,2,10,10,500,18
1,2,10,10,500,37
2,2,10,10,500,56
2,2,10,10,500,112
2,2,10,10,500,167
2,2,10,10,500,333
1,1,55,10,700,25
1,1,55,10,700,51
2,1,55,10,700,59
1,1,55,10,700,68
2,1,55,10,700,77
2,1,55,10,700,155
2,1,55,10,700,233
2,1,55,10,700,467
1,2,55,10,700,25
1,2,55,10,700,51
2,2,55,10,700,59
1,2,55,10,700,68
2,2,55,10,700,77
2,2,55,10,700,155
2,2,55,10,700,233
2,2,55,10,700,467
1,1,6,10,2000,22
2,1,6,10,2000,47
2,1,6,10,2000,72
2,1,6,10,2000,147
2,1,6,10,2000,221
2,1,6,10,2000,444
2,1,6,10,2000,666
2,1,6,10,2000,1333
1,2,6,10,2000,22
1,2,6,10,2000,47
2,2,6,10,2000,72
2,2,6,10,2000,147
2,2,6,10,2000,221
2,2,6,10,2000,444
2,2,6,10,2000,666
2,2,6,10,2000,1333
1,1,99,10,5000,1667
1,1,99,10,5000,3333
1,1,99,10,5000,3888
1,1,99,10,5000,4073
2,1,99,10,5000,4135
2,1,99,10,5000,4197
2,1,99,10,5000,4259
2,1,99,10,5000,4444
1,2,99,10,5000,1667
1,2,99,10,5000,3333
1,2,99,10,5000,3888
2,2,99,10,5000,3949
2,2,99,10,5000,4011
2,2,99,10,5000,4073
2,2,99,10,5000,4259
2,2,99,10,5000,4444
2,1,0.2,10,10000,122
2,1,0.2,10,10000,246
2,1,0.2,10,10000,370
2,1,0.2,10,10000,741
2,1,0.2,10,10000,1111
2,1,0.2,10,10000,2222
2,1,0.2,10,10000,3333
2,1,0.2,10,10000,6666
2,2,0.2,10,10000,122
2,2,0.2,10,10000,246
2,2,0.2,10,10000,370
2,2,0.2,10,10000,741
2,2,0.2,10,10000,1111
2,2,0.2,10,10000,2222
2,2,0.2,10,10000,3333
2,2,0.2,10,10000,6666
1,1,70,11,150,50
1,1,70,11,150,66
1,1,70,11,150,67
1,1,70,11,150,69
2,1,70,11,150,71
2,1,70,11,150,77
2,1,70,11,150,83
2,1,70,11,150,100
1,2,70,11,150,50
1,2,70,11,150,66
2,2,70,11,150,67
2,2,70,11,150,69
2,2,70,11,150,71
2,2,70,11,150,77
2,2,70,11,150,83
2,2,70,11,150,100
1,1,90,11,400,133
1,1,90,11,400,266
2,1,90,11,400,270
2,1,90,11,400,275
2,1,90,11,400,280
2,1,90,11,400,295
2,1,90,11,400,310
2,1,90,11,400,355
1,2,90,11,400,133
1,2,90,11,400,147
1,2,90,11,400,162
1,2,90,11,400,167
1,2,90,11,400,172
2,2,90,11,400,177
2,2,90,11,400,222
2,2,90,11,400,266
1,1,10,11,500,18
1,1,10,11,500,37
1,1,10,11,500,43
1,1,10,11,500,50
2,1,10,11,500,56
2,1,10,11,500,112
2,1,10,11,500,167
2,1,10,11,500,333
1,2,10,11,500,18
1,2,10,11,500,37
1,2,10,11,500,43
1,2,10,11,500,50
2,2,10,11,500,56
2,2,10,11,500,112
2,2,10,11,500,167
2,2,10,11,500,333
1,1,55,11,700,233
1,1,55,11,700,467
2,1,55,11,700,475
2,1,55,11,700,484
2,1,55,11,700,493
2,1,55,11,700,519
2,1,55,11,700,545
2,1,55,11,700,623
1,2,55,11,700,233
2,2,55,11,700,241
2,2,55,11,700,250
2,2,55,11,700,259
2,2,55,11,700,285
2,2,55,11,700,311
2,2,55,11,700,389
2,2,55,11,700,467
1,1,6,11,2000,72
1,1,6,11,2000,97
2,1,6,11,2000,122
2,1,6,11,2000,147
2,1,6,11,2000,221
2,1,6,11,2000,444
2,1,6,11,2000,666
2,1,6,11,2000,1333
1,2,6,11,2000,22
1,2,6,11,2000,47
2,2,6,11,2000,72
2,2,6,11,2000,147
2,2,6,11,2000,221
2,2,6,11,2000,444
2,2,6,11,2000,666
2,2,6,11,2000,1333
1,1,99,11,5000,1667
1,1,99,11,5000,3333
2,1,99,11,5000,3393
2,1,99,11,5000,3455
2,1,99,11,5000,3517
2,1,99,11,5000,3703
2,1,99,11,5000,3888
2,1,99,11,5000,4444
1,2,99,11,5000,1667
1,2,99,11,5000,3333
1,2,99,11,5000,3888
2,2,99,11,5000,3949
2,2,99,11,5000,4011
2,2,99,11,5000,4073
2,2,99,11,5000,4259
2,2,99,11,5000,4444
2,1,0.2,11,10000,122
2,1,0.2,11,10000,246
2,1,0.2,11,10000,370
2,1,0.2,11,10000,741
2,1,0.2,11,10000,1111
2,1,0.2,11,10000,2222
2,1,0.2,11,10000,3333
2,1,0.2,11,10000,6666
2,2,0.2,11,10000,122
1,2,0.2,11,10000,246
2,2,0.2,11,10000,370
2,2,0.2,11,10000,741
2,2,0.2,11,10000,1111
2,2,0.2,11,10000,2222
2,2,0.2,11,10000,3333
2,2,0.2,11,10000,6666
1,1,70,12,150,50
1,1,70,12,150,100
2,1,70,12,150,100
2,1,70,12,150,102
2,1,70,12,150,104
2,1,70,12,150,110
2,1,70,12,150,116
2,1,70,12,150,133
1,2,70,12,150,50
1,2,70,12,150,100
2,2,70,12,150,100
2,2,70,12,150,102
2,2,70,12,150,104
1,2,70,12,150,110
2,2,70,12,150,116
2,2,70,12,150,133
1,1,90,12,400,133
1,1,90,12,400,266
1,1,90,12,400,310
1,1,90,12,400,325
2,1,90,12,400,330
2,1,90,12,400,335
2,1,90,12,400,340
2,1,90,12,400,355
1,2,90,12,400,133
1,2,90,12,400,266
1,2,90,12,400,310
2,2,90,12,400,315
2,2,90,12,400,320
2,2,90,12,400,325
2,2,90,12,400,340
2,2,90,12,400,355
1,1,10,12,500,5
1,1,10,12,500,12
2,1,10,12,500,18
2,1,10,12,500,37
2,1,10,12,500,56
2,1,10,12,500,112
2,1,10,12,500,167
2,1,10,12,500,333
1,2,10,12,500,18
1,2,10,12,500,37
1,2,10,12,500,43
1,2,10,12,500,50
2,2,10,12,500,56
2,2,10,12,500,112
2,2,10,12,500,167
2,2,10,12,500,333
1,1,55,12,700,233
1,1,55,12,700,467
1,1,55,12,700,545
2,1,55,12,700,553
2,1,55,12,700,562
2,1,55,12,700,571
2,1,55,12,700,597
2,1,55,12,700,623
1,2,55,12,700,233
1,2,55,12,700,311
1,2,55,12,700,389
2,2,55,12,700,397
2,2,55,12,700,406
2,2,55,12,700,415
2,2,55,12,700,441
2,2,55,12,700,467
1,1,6,12,2000,72
1,1,6,12,2000,97
1,1,6,12,2000,122
2,1,6,12,2000,147
2,1,6,12,2000,221
2,1,6,12,2000,444
2,1,6,12,2000,666
2,1,6,12,2000,1333
1,2,6,12,2000,72
1,2,6,12,2000,97
1,2,6,12,2000,122
2,2,6,12,2000,147
2,2,6,12,2000,221
2,2,6,12,2000,444
2,2,6,12,2000,666
2,2,6,12,2000,1333
1,1,99,12,5000,1667
1,1,99,12,5000,3333
1,1,99,12,5000,3888
1,1,99,12,5000,4073
2,1,99,12,5000,4135
1,1,99,12,5000,4197
2,1,99,12,5000,4259
2,1,99,12,5000,4444
1,2,99,12,5000,1667
1,2,99,12,5000,3333
1,2,99,12,5000,3888
1,2,99,12,5000,4073
1,2,99,12,5000,4259
2,2,99,12,5000,4321
1,2,99,12,5000,4383
2,2,99,12,5000,4444
2,1,0.2,12,10000,122
2,1,0.2,12,10000,246
2,1,0.2,12,10000,370
2,1,0.2,12,10000,741
2,1,0.2,12,10000,1111
2,1,0.2,12,10000,2222
2,1,0.2,12,10000,3333
2,1,0.2,12,10000,6666
2,2,0.2,12,10000,122
2,2,0.2,12,10000,246
2,2,0.2,12,10000,370
2,2,0.2,12,10000,741
2,2,0.2,12,10000,1111
2,2,0.2,12,10000,2222
2,2,0.2,12,10000,3333
2,2,0.2,12,10000,6666
1,1,70,13,150,16
1,1,70,13,150,33
1,1,70,13,150,38
1,1,70,13,150,44
1,1,70,13,150,46
1,1,70,13,150,48
2,1,70,13,150,50
2,1,70,13,150,100
1,2,70,13,150,50
2,2,70,13,150,50
2,2,70,13,150,52
2,2,70,13,150,54
2,2,70,13,150,60
2,2,70,13,150,66
2,2,70,13,150,83
2,2,70,13,150,100
1,1,90,13,400,133
1,1,90,13,400,266
1,1,90,13,400,310
2,1,90,13,400,315
2,1,90,13,400,320
2,1,90,13,400,325
2,1,90,13,400,340
2,1,90,13,400,355
1,2,90,13,400,133
1,2,90,13,400,266
1,2,90,13,400,280
1,2,90,13,400,295
1,2,90,13,400,300
1,2,90,13,400,305
2,2,90,13,400,310
2,2,90,13,400,355
1,1,10,13,500,18
2,1,10,13,500,24
2,1,10,13,500,31
2,1,10,13,500,37
2,1,10,13,500,56
2,1,10,13,500,112
2,1,10,13,500,167
2,1,10,13,500,333
1,2,10,13,500,5
2,2,10,13,500,12
2,2,10,13,500,18
2,2,10,13,500,37
2,2,10,13,500,56
2,2,10,13,500,112
2,2,10,13,500,167
2,2,10,13,500,333
1,1,55,13,700,77
2,1,55,13,700,85
1,1,55,13,700,94
2,1,55,13,700,103
1,1,55,13,700,129
2,1,55,13,700,155
2,1,55,13,700,233
2,1,55,13,700,467
1,2,55,13,700,25
1,2,55,13,700,51
2,2,55,13,700,59
1,2,55,13,700,68
2,2,55,13,700,77
2,2,55,13,700,155
2,2,55,13,700,233
2,2,55,13,700,467
1,1,6,13,2000,22
2,1,6,13,2000,47
2,1,6,13,2000,72
2,1,6,13,2000,147
2,1,6,13,2000,221
2,1,6,13,2000,444
2,1,6,13,2000,666
2,1,6,13,2000,1333
1,2,6,13,2000,72
2,2,6,13,2000,97
2,2,6,13,2000,122
2,2,6,13,2000,147
2,2,6,13,2000,221
2,2,6,13,2000,444
2,2,6,13,2000,666
2,2,6,13,2000,1333
1,1,99,13,5000,1667
1,1,99,13,5000,3333
1,1,99,13,5000,3888
1,1,99,13,5000,4444
1,1,99,13,5000,4629
1,1,99,13,5000,4815
1,1,99,13,5000,4877
1,1,99,13,5000,4939
1,2,99,13,5000,1667
1,2,99,13,5000,3333
1,2,99,13,5000,3888
1,2,99,13,5000,4444
1,2,99,13,5000,4629
1,2,99,13,5000,4691
1,2,99,13,5000,4753
2,2,99,13,5000,4815
2,1,0.2,13,10000,122
2,1,0.2,13,10000,246
2,1,0.2,13,10000,370
2,1,0.2,13,10000,741
2,1,0.2,13,10000,1111
2,1,0.2,13,10000,2222
2,1,0.2,13,10000,3333
2,1,0.2,13,10000,6666
2,2,0.2,13,10000,122
2,2,0.2,13,10000,246
2,2,0.2,13,10000,370
2,2,0.2,13,10000,741
2,2,0.2,13,10000,1111
2,2,0.2,13,10000,2222
2,2,0.2,13,10000,3333
2,2,0.2,13,10000,6666
1,1,70,14,150,50
1,1,70,14,150,66
1,1,70,14,150,71
1,1,70,14,150,77
2,1,70,14,150,79
1,1,70,14,150,81
2,1,70,14,150,83
2,1,70,14,150,100
1,2,70,14,150,50
1,2,70,14,150,66
1,2,70,14,150,71
1,2,70,14,150,77
2,2,70,14,150,79
2,2,70,14,150,81
2,2,70,14,150,83
2,2,70,14,150,100
1,1,90,14,400,133
1,1,90,14,400,177
1,1,90,14,400,192
1,1,90,14,400,197
2,1,90,14,400,202
2,1,90,14,400,207
2,1,90,14,400,222
2,1,90,14,400,266
1,2,90,14,400,44
1,2,90,14,400,89
1,2,90,14,400,104
1,2,90,14,400,119
1,2,90,14,400,124
1,2,90,14,400,129
2,2,90,14,400,133
2,2,90,14,400,266
1,1,10,14,500,18
1,1,10,14,500,37
1,1,10,14,500,43
1,1,10,14,500,50
2,1,10,14,500,56
2,1,10,14,500,112
2,1,10,14,500,167
2,1,10,14,500,333
1,2,10,14,500,56
1,2,10,14,500,74
1,2,10,14,500,80
2,2,10,14,500,87
2,2,10,14,500,93
2,2,10,14,500,112
2,2,10,14,500,167
2,2,10,14,500,333
1,1,55,14,700,77
1,1,55,14,700,103
1,1,55,14,700,129
1,1,55,14,700,137
1,1,55,14,700,146
2,1,55,14,700,155
2,1,55,14,700,233
2,1,55,14,700,467
1,2,55,14,700,77
1,2,55,14,700,103
1,2,55,14,700,111
2,2,55,14,700,120
2,2,55,14,700,129
2,2,55,14,700,155
2,2,55,14,700,233
2,2,55,14,700,467
1,1,6,14,2000,72
1,1,6,14,2000,147
2,1,6,14,2000,172
2,1,6,14,2000,197
2,1,6,14,2000,221
2,1,6,14,2000,444
2,1,6,14,2000,666
2,1,6,14,2000,1333
1,2,6,14,2000,72
2,2,6,14,2000,97
2,2,6,14,2000,122
2,2,6,14,2000,147
2,2,6,14,2000,221
2,2,6,14,2000,444
2,2,6,14,2000,666
2,2,6,14,2000,1333
1,1,99,14,5000,1667
1,1,99,14,5000,3333
1,1,99,14,5000,3517
1,1,99,14,5000,3703
1,1,99,14,5000,3765
1,1,99,14,5000,3827
2,1,99,14,5000,3888
2,1,99,14,5000,4444
1,2,99,14,5000,1667
1,2,99,14,5000,2222
1,2,99,14,5000,2778
1,2,99,14,5000,2963
1,2,99,14,5000,3149
1,2,99,14,5000,3211
1,2,99,14,5000,3273
2,2,99,14,5000,3333
1,1,0.2,14,10000,370
1,1,0.2,14,10000,741
2,1,0.2,14,10000,864
2,1,0.2,14,10000,988
2,1,0.2,14,10000,1111
2,1,0.2,14,10000,2222
2,1,0.2,14,10000,3333
2,1,0.2,14,10000,6666
1,2,0.2,14,10000,370
1,2,0.2,14,10000,741
2,2,0.2,14,10000,864
1,2,0.2,14,10000,988
2,2,0.2,14,10000,1111
2,2,0.2,14,10000,2222
2,2,0.2,14,10000,3333
2,2,0.2,14,10000,6666
1,1,70,15,150,16
2,1,70,15,150,17
1,1,70,15,150,19
2,1,70,15,150,21
1,1,70,15,150,27
2,1,70,15,150,33
2,1,70,15,150,50
1,1,70,15,150,100
1,2,70,15,150,16
1,2,70,15,150,33
1,2,70,15,150,38
1,2,70,15,150,44
1,2,70,15,150,46
1,2,70,15,150,48
2,2,70,15,150,50
2,2,70,15,150,100
1,1,90,15,400,44
1,1,90,15,400,59
2,1,90,15,400,64
1,1,90,15,400,69
2,1,90,15,400,74
2,1,90,15,400,89
2,1,90,15,400,133
2,1,90,15,400,266
1,2,90,15,400,133
1,2,90,15,400,177
1,2,90,15,400,222
2,2,90,15,400,227
2,2,90,15,400,232
2,2,90,15,400,237
2,2,90,15,400,252
2,2,90,15,400,266
2,1,10,15,500,5
2,1,10,15,500,12
2,1,10,15,500,18
2,1,10,15,500,37
2,1,10,15,500,56
2,1,10,15,500,112
2,1,10,15,500,167
2,1,10,15,500,333
2,2,10,15,500,5
2,2,10,15,500,12
2,2,10,15,500,18
2,2,10,15,500,37
2,2,10,15,500,56
2,2,10,15,500,112
2,2,10,15,500,167
2,2,10,15,500,333
1,1,55,15,700,233
2,1,55,15,700,241
1,1,55,15,700,250
2,1,55,15,700,259
2,1,55,15,700,285
2,1,55,15,700,311
2,1,55,15,700,389
2,1,55,15,700,467
1,2,55,15,700,233
2,2,55,15,700,241
2,2,55,15,700,250
2,2,55,15,700,259
2,2,55,15,700,285
2,2,55,15,700,311
2,2,55,15,700,389
2,2,55,15,700,467
2,1,6,15,2000,22
2,1,6,15,2000,47
2,1,6,15,2000,72
2,1,6,15,2000,147
2,1,6,15,2000,221
2,1,6,15,2000,444
2,1,6,15,2000,666
2,1,6,15,2000,1333
1,2,6,15,2000,666
2,2,6,15,2000,689
2,2,6,15,2000,714
2,2,6,15,2000,739
2,2,6,15,2000,814
2,2,6,15,2000,888
2,2,6,15,2000,1111
2,2,6,15,2000,1333
1,1,99,15,5000,185
1,1,99,15,5000,371
1,1,99,15,5000,433
2,1,99,15,5000,495
2,1,99,15,5000,556
2,1,99,15,5000,1112
2,1,99,15,5000,1667
1,1,99,15,5000,3333
1,2,99,15,5000,1667
1,2,99,15,5000,3333
1,2,99,15,5000,3888
2,2,99,15,5000,3949
2,2,99,15,5000,4011
2,2,99,15,5000,4073
2,2,99,15,5000,4259
2,2,99,15,5000,4444
2,1,0.2,15,10000,122
2,1,0.2,15,10000,246
2,1,0.2,15,10000,370
2,1,0.2,15,10000,741
2,1,0.2,15,10000,1111
2,1,0.2,15,10000,2222
2,1,0.2,15,10000,3333
2,1,0.2,15,10000,6666
2,2,0.2,15,10000,122
2,2,0.2,15,10000,246
2,2,0.2,15,10000,370
2,2,0.2,15,10000,741
2,2,0.2,15,10000,1111
2,2,0.2,15,10000,2222
2,2,0.2,15,10000,3333
2,2,0.2,15,10000,6666
1,1,70,16,150,50
1,1,70,16,150,54
1,1,70,16,150,60
1,1,70,16,150,62
1,1,70,16,150,64
2,1,70,16,150,66
2,1,70,16,150,83
2,1,70,16,150,100
1,2,70,16,150,50
1,2,70,16,150,100
1,2,70,16,150,116
2,2,70,16,150,117
2,2,70,16,150,119
2,2,70,16,150,121
2,2,70,16,150,127
2,2,70,16,150,133
1,1,90,16,400,133
1,1,90,16,400,266
1,1,90,16,400,270
1,1,90,16,400,275
2,1,90,16,400,280
2,1,90,16,400,295
2,1,90,16,400,310
2,1,90,16,400,355
1,2,90,16,400,133
1,2,90,16,400,266
1,2,90,16,400,310
2,2,90,16,400,315
1,2,90,16,400,320
2,2,90,16,400,325
2,2,90,16,400,340
2,2,90,16,400,355
1,1,10,16,500,167
1,1,10,16,500,333
1,1,10,16,500,350
2,1,10,16,500,356
2,1,10,16,500,363
2,1,10,16,500,369
2,1,10,16,500,388
1,1,10,16,500,444
1,2,10,16,500,167
1,2,10,16,500,333
1,2,10,16,500,388
1,2,10,16,500,406
1,2,10,16,500,425
2,2,10,16,500,431
2,2,10,16,500,438
2,2,10,16,500,444
1,1,55,16,700,233
1,1,55,16,700,467
1,1,55,16,700,493
2,1,55,16,700,501
2,1,55,16,700,510
2,1,55,16,700,519
2,1,55,16,700,545
1,1,55,16,700,623
1,2,55,16,700,233
1,2,55,16,700,311
1,2,55,16,700,389
1,2,55,16,700,415
2,2,55,16,700,423
1,2,55,16,700,432
2,2,55,16,700,441
2,2,55,16,700,467
1,1,6,16,2000,666
2,1,6,16,2000,689
2,1,6,16,2000,714
2,1,6,16,2000,739
1,1,6,16,2000,814
2,1,6,16,2000,888
2,1,6,16,2000,1111
2,1,6,16,2000,1333
1,2,6,16,2000,666
1,2,6,16,2000,888
1,2,6,16,2000,1111
1,2,6,16,2000,1185
1,2,6,16,2000,1260
2,2,6,16,2000,1285
2,2,6,16,2000,1310
2,2,6,16,2000,1333
1,1,99,16,5000,556
1,1,99,16,5000,1112
1,1,99,16,5000,1297
1,1,99,16,5000,1483
1,1,99,16,5000,1545
1,1,99,16,5000,1607
2,1,99,16,5000,1667
2,1,99,16,5000,3333
1,2,99,16,5000,1667
1,2,99,16,5000,2222
1,2,99,16,5000,2407
1,2,99,16,5000,2469
1,2,99,16,5000,2531
2,2,99,16,5000,2593
2,2,99,16,5000,2778
2,2,99,16,5000,3333
1,1,0.2,16,10000,3333
1,1,0.2,16,10000,4444
1,1,0.2,16,10000,4814
2,1,0.2,16,10000,4937
2,1,0.2,16,10000,5061
2,1,0.2,16,10000,5185
2,1,0.2,16,10000,5555
2,1,0.2,16,10000,6666
1,2,0.2,16,10000,3333
1,2,0.2,16,10000,3703
1,2,0.2,16,10000,4074
2,2,0.2,16,10000,4197
1,2,0.2,16,10000,4321
2,2,0.2,16,10000,4444
2,2,0.2,16,10000,5555
2,2,0.2,16,10000,6666
1,1,70,17,150,16
1,1,70,17,150,33
2,1,70,17,150,34
2,1,70,17,150,36
2,1,70,17,150,38
2,1,70,17,150,44
2,1,70,17,150,50
2,1,70,17,150,100
1,2,70,17,150,50
2,2,70,17,150,50
2,2,70,17,150,52
2,2,70,17,150,54
2,2,70,17,150,60
2,2,70,17,150,66
2,2,70,17,150,83
2,2,70,17,150,100
1,1,90,17,400,133
1,1,90,17,400,266
1,1,90,17,400,270
2,1,90,17,400,275
2,1,90,17,400,280
1,1,90,17,400,295
2,1,90,17,400,310
2,1,90,17,400,355
1,2,90,17,400,133
1,2,90,17,400,177
1,2,90,17,400,192
1,2,90,17,400,207
1,2,90,17,400,212
1,2,90,17,400,217
2,2,90,17,400,222
2,2,90,17,400,266
1,1,10,17,500,5
2,1,10,17,500,12
2,1,10,17,500,18
2,1,10,17,500,37
2,1,10,17,500,56
2,1,10,17,500,112
2,1,10,17,500,167
2,1,10,17,500,333
1,2,10,17,500,18
2,2,10,17,500,24
2,2,10,17,500,31
2,2,10,17,500,37
2,2,10,17,500,56
2,2,10,17,500,112
2,2,10,17,500,167
2,2,10,17,500,333
1,1,55,17,700,233
2,1,55,17,700,241
2,1,55,17,700,250
2,1,55,17,700,259
2,1,55,17,700,285
2,1,55,17,700,311
2,1,55,17,700,389
2,1,55,17,700,467
1,2,55,17,700,233
2,2,55,17,700,241
2,2,55,17,700,250
2,2,55,17,700,259
2,2,55,17,700,285
2,2,55,17,700,311
2,2,55,17,700,389
2,2,55,17,700,467
2,1,6,17,2000,22
2,1,6,17,2000,47
2,1,6,17,2000,72
2,1,6,17,2000,147
2,1,6,17,2000,221
2,1,6,17,2000,444
2,1,6,17,2000,666
2,1,6,17,2000,1333
2,2,6,17,2000,22
2,2,6,17,2000,47
2,2,6,17,2000,72
2,2,6,17,2000,147
2,2,6,17,2000,221
2,2,6,17,2000,444
2,2,6,17,2000,666
2,2,6,17,2000,1333
1,1,99,17,5000,556
1,1,99,17,5000,1112
1,1,99,17,5000,1297
1,1,99,17,5000,1483
1,1,99,17,5000,1545
1,1,99,17,5000,1607
2,1,99,17,5000,1667
1,1,99,17,5000,3333
1,2,99,17,5000,1667
1,2,99,17,5000,3333
1,2,99,17,5000,3888
1,2,99,17,5000,4073
1,2,99,17,5000,4259
1,2,99,17,5000,4321
1,2,99,17,5000,4383
2,2,99,17,5000,4444
2,1,0.2,17,10000,122
2,1,0.2,17,10000,246
2,1,0.2,17,10000,370
2,1,0.2,17,10000,741
2,1,0.2,17,10000,1111
2,1,0.2,17,10000,2222
2,1,0.2,17,10000,3333
2,1,0.2,17,10000,6666
2,2,0.2,17,10000,122
2,2,0.2,17,10000,246
2,2,0.2,17,10000,370
2,2,0.2,17,10000,741
2,2,0.2,17,10000,1111
2,2,0.2,17,10000,2222
2,2,0.2,17,10000,3333
2,2,0.2,17,10000,6666
1,1,70,18,150,50
1,1,70,18,150,66
2,1,70,18,150,67
1,1,70,18,150,69
2,1,70,18,150,71
2,1,70,18,150,77
2,1,70,18,150,83
2,1,70,18,150,100
1,2,70,18,150,50
2,2,70,18,150,50
2,2,70,18,150,52
2,2,70,18,150,54
1,2,70,18,150,60
2,2,70,18,150,66
1,2,70,18,150,83
2,2,70,18,150,100
1,1,90,18,400,133
1,1,90,18,400,177
1,1,90,18,400,192
1,1,90,18,400,207
2,1,90,18,400,212
1,1,90,18,400,217
2,1,90,18,400,222
2,1,90,18,400,266
1,2,90,18,400,133
1,2,90,18,400,177
1,2,90,18,400,192
2,2,90,18,400,197
2,2,90,18,400,202
2,2,90,18,400,207
2,2,90,18,400,222
2,2,90,18,400,266
1,1,10,18,500,56
1,1,10,18,500,74
1,1,10,18,500,80
2,1,10,18,500,87
2,1,10,18,500,93
2,1,10,18,500,112
2,1,10,18,500,167
2,1,10,18,500,333
1,2,10,18,500,56
1,2,10,18,500,61
1,2,10,18,500,68
2,2,10,18,500,74
1,2,10,18,500,93
2,2,10,18,500,112
2,2,10,18,500,167
2,2,10,18,500,333
1,1,55,18,700,233
1,1,55,18,700,259
1,1,55,18,700,285
2,1,55,18,700,293
1,1,55,18,700,302
2,1,55,18,700,311
2,1,55,18,700,389
2,1,55,18,700,467
1,2,55,18,700,77
1,2,55,18,700,155
2,2,55,18,700,163
1,2,55,18,700,172
2,2,55,18,700,181
1,2,55,18,700,207
2,2,55,18,700,233
1,2,55,18,700,467
2,1,6,18,2000,22
1,1,6,18,2000,47
2,1,6,18,2000,72
2,1,6,18,2000,147
2,1,6,18,2000,221
2,1,6,18,2000,444
2,1,6,18,2000,666
2,1,6,18,2000,1333
1,2,6,18,2000,72
1,2,6,18,2000,97
1,2,6,18,2000,122
2,2,6,18,2000,147
2,2,6,18,2000,221
2,2,6,18,2000,444
2,2,6,18,2000,666
2,2,6,18,2000,1333
1,1,99,18,5000,1667
1,1,99,18,5000,3333
1,1,99,18,5000,3888
1,1,99,18,5000,4073
2,1,99,18,5000,4135
2,1,99,18,5000,4197
2,1,99,18,5000,4259
2,1,99,18,5000,4444
1,2,99,18,5000,1667
1,2,99,18,5000,3333
1,2,99,18,5000,3517
1,2,99,18,5000,3703
1,2,99,18,5000,3765
2,2,99,18,5000,3827
2,2,99,18,5000,3888
2,2,99,18,5000,4444
1,1,0.2,18,10000,1111
1,1,0.2,18,10000,1233
2,1,0.2,18,10000,1357
2,1,0.2,18,10000,1481
2,1,0.2,18,10000,1852
2,1,0.2,18,10000,2222
2,1,0.2,18,10000,3333
2,1,0.2,18,10000,6666
1,2,0.2,18,10000,1111
1,2,0.2,18,10000,1481
2,2,0.2,18,10000,1604
2,2,0.2,18,10000,1728
2,2,0.2,18,10000,1852
2,2,0.2,18,10000,2222
2,2,0.2,18,10000,3333
2,2,0.2,18,10000,6666
1,1,70,19,150,50
2,1,70,19,150,50
1,1,70,19,150,52
2,1,70,19,150,54
2,1,70,19,150,60
2,1,70,19,150,66
2,1,70,19,150,83
2,1,70,19,150,100
1,2,70,19,150,50
1,2,70,19,150,100
2,2,70,19,150,100
2,2,70,19,150,102
2,2,70,19,150,104
2,2,70,19,150,110
2,2,70,19,150,116
2,2,70,19,150,133
1,1,90,19,400,133
1,1,90,19,400,266
1,1,90,19,400,270
2,1,90,19,400,275
2,1,90,19,400,280
2,1,90,19,400,295
2,1,90,19,400,310
1,1,90,19,400,355
1,2,90,19,400,133
1,2,90,19,400,266
1,2,90,19,400,310
1,2,90,19,400,355
1,2,90,19,400,370
2,2,90,19,400,375
1,2,90,19,400,380
2,2,90,19,400,385
2,1,10,19,500,5
2,1,10,19,500,12
2,1,10,19,500,18
2,1,10,19,500,37
2,1,10,19,500,56
2,1,10,19,500,112
2,1,10,19,500,167
2,1,10,19,500,333
2,2,10,19,500,5
1,2,10,19,500,12
2,2,10,19,500,18
1,2,10,19,500,37
2,2,10,19,500,56
2,2,10,19,500,112
2,2,10,19,500,167
2,2,10,19,500,333
1,1,55,19,700,233
1,1,55,19,700,311
2,1,55,19,700,319
2,1,55,19,700,328
2,1,55,19,700,337
2,1,55,19,700,363
2,1,55,19,700,389
2,1,55,19,700,467
1,2,55,19,700,77
1,2,55,19,700,103
1,2,55,19,700,129
2,2,55,19,700,137
2,2,55,19,700,146
2,2,55,19,700,155
2,2,55,19,700,233
1,2,55,19,700,467
2,1,6,19,2000,22
2,1,6,19,2000,47
2,1,6,19,2000,72
1,1,6,19,2000,147
2,1,6,19,2000,221
2,1,6,19,2000,444
2,1,6,19,2000,666
2,1,6,19,2000,1333
1,2,6,19,2000,22
2,2,6,19,2000,47
2,2,6,19,2000,72
2,2,6,19,2000,147
2,2,6,19,2000,221
2,2,6,19,2000,444
2,2,6,19,2000,666
2,2,6,19,2000,1333
1,1,99,19,5000,1667
1,1,99,19,5000,3333
1,1,99,19,5000,3888
1,1,99,19,5000,4444
1,1,99,19,5000,4629
1,1,99,19,5000,4815
1,1,99,19,5000,4877
1,1,99,19,5000,4939
1,2,99,19,5000,1667
1,2,99,19,5000,3333
1,2,99,19,5000,3888
1,2,99,19,5000,4444
1,2,99,19,5000,4629
1,2,99,19,5000,4815
1,2,99,19,5000,4877
1,2,99,19,5000,4939
2,1,0.2,19,10000,122
2,1,0.2,19,10000,246
2,1,0.2,19,10000,370
2,1,0.2,19,10000,741
2,1,0.2,19,10000,1111
2,1,0.2,19,10000,2222
2,1,0.2,19,10000,3333
2,1,0.2,19,10000,6666
2,2,0.2,19,10000,122
2,2,0.2,19,10000,246
2,2,0.2,19,10000,370
2,2,0.2,19,10000,741
2,2,0.2,19,10000,1111
2,2,0.2,19,10000,2222
2,2,0.2,19,10000,3333
2,2,0.2,19,10000,6666
1,1,70,20,150,50
1,1,70,20,150,66
1,1,70,20,150,71
1,1,70,20,150,77
2,1,70,20,150,79
2,1,70,20,150,81
2,1,70,20,150,83
2,1,70,20,150,100
1,2,70,20,150,16
1,2,70,20,150,33
1,2,70,20,150,38
1,2,70,20,150,44
1,2,70,20,150,46
1,2,70,20,150,48
2,2,70,20,150,50
2,2,70,20,150,100
1,1,90,20,400,133
1,1,90,20,400,266
1,1,90,20,400,280
1,1,90,20,400,295
1,1,90,20,400,300
1,1,90,20,400,305
2,1,90,20,400,310
1,1,90,20,400,355
1,2,90,20,400,133
1,2,90,20,400,266
1,2,90,20,400,280
1,2,90,20,400,295
1,2,90,20,400,300
1,2,90,20,400,305
2,2,90,20,400,310
2,2,90,20,400,355
1,1,10,20,500,18
1,1,10,20,500,37
1,1,10,20,500,43
1,1,10,20,500,50
2,1,10,20,500,56
2,1,10,20,500,112
2,1,10,20,500,167
2,1,10,20,500,333
1,2,10,20,500,56
2,2,10,20,500,61
2,2,10,20,500,68
2,2,10,20,500,74
2,2,10,20,500,93
2,2,10,20,500,112
2,2,10,20,500,167
2,2,10,20,500,333
1,1,55,20,700,77
1,1,55,20,700,155
1,1,55,20,700,163
2,1,55,20,700,172
2,1,55,20,700,181
1,1,55,20,700,207
2,1,55,20,700,233
2,1,55,20,700,467
1,2,55,20,700,233
1,2,55,20,700,259
2,2,55,20,700,267
2,2,55,20,700,276
2,2,55,20,700,285
2,2,55,20,700,311
2,2,55,20,700,389
2,2,55,20,700,467
2,1,6,20,2000,22
2,1,6,20,2000,47
2,1,6,20,2000,72
2,1,6,20,2000,147
2,1,6,20,2000,221
2,1,6,20,2000,444
2,1,6,20,2000,666
2,1,6,20,2000,1333
2,2,6,20,2000,22
2,2,6,20,2000,47
2,2,6,20,2000,72
2,2,6,20,2000,147
2,2,6,20,2000,221
2,2,6,20,2000,444
2,2,6,20,2000,666
2,2,6,20,2000,1333
1,1,99,20,5000,1667
1,1,99,20,5000,3333
1,1,99,20,5000,3888
1,1,99,20,5000,4073
1,1,99,20,5000,4259
1,1,99,20,5000,4321
1,1,99,20,5000,4383
2,1,99,20,5000,4444
1,2,99,20,5000,1667
1,2,99,20,5000,3333
1,2,99,20,5000,3888
1,2,99,20,5000,4444
1,2,99,20,5000,4629
1,2,99,20,5000,4815
1,2,99,20,5000,4877
1,2,99,20,5000,4939
2,1,0.2,20,10000,122
2,1,0.2,20,10000,246
2,1,0.2,20,10000,370
2,1,0.2,20,10000,741
2,1,0.2,20,10000,1111
2,1,0.2,20,10000,2222
2,1,0.2,20,10000,3333
2,1,0.2,20,10000,6666
2,2,0.2,20,10000,122
2,2,0.2,20,10000,246
2,2,0.2,20,10000,370
2,2,0.2,20,10000,741
2,2,0.2,20,10000,1111
2,2,0.2,20,10000,2222
2,2,0.2,20,10000,3333
2,2,0.2,20,10000,6666
1,1,70,21,150,50
1,1,70,21,150,54
1,1,70,21,150,60
1,1,70,21,150,62
1,1,70,21,150,64
2,1,70,21,150,66
1,1,70,21,150,83
2,1,70,21,150,100
1,2,70,21,150,50
1,2,70,21,150,66
1,2,70,21,150,71
1,2,70,21,150,77
1,2,70,21,150,79
2,2,70,21,150,81
2,2,70,21,150,83
2,2,70,21,150,100
1,1,90,21,400,133
1,1,90,21,400,266
1,1,90,21,400,280
1,1,90,21,400,295
2,1,90,21,400,300
2,1,90,21,400,305
2,1,90,21,400,310
1,1,90,21,400,355
1,2,90,21,400,133
1,2,90,21,400,266
1,2,90,21,400,280
1,2,90,21,400,295
2,2,90,21,400,300
1,2,90,21,400,305
2,2,90,21,400,310
2,2,90,21,400,355
1,1,10,21,500,18
1,1,10,21,500,37
1,1,10,21,500,43
1,1,10,21,500,50
2,1,10,21,500,56
2,1,10,21,500,112
2,1,10,21,500,167
2,1,10,21,500,333
1,2,10,21,500,56
1,2,10,21,500,74
1,2,10,21,500,93
2,2,10,21,500,99
2,2,10,21,500,106
2,2,10,21,500,112
2,2,10,21,500,167
2,2,10,21,500,333
1,1,55,21,700,25
1,1,55,21,700,33
1,1,55,21,700,42
2,1,55,21,700,51
2,1,55,21,700,77
2,1,55,21,700,155
2,1,55,21,700,233
2,1,55,21,700,467
1,2,55,21,700,77
1,2,55,21,700,155
2,2,55,21,700,163
1,2,55,21,700,172
2,2,55,21,700,181
2,2,55,21,700,207
2,2,55,21,700,233
2,2,55,21,700,467
1,1,6,21,2000,72
1,1,6,21,2000,147
2,1,6,21,2000,172
1,1,6,21,2000,197
2,1,6,21,2000,221
2,1,6,21,2000,444
2,1,6,21,2000,666
2,1,6,21,2000,1333
1,2,6,21,2000,72
1,2,6,21,2000,147
2,2,6,21,2000,172
2,2,6,21,2000,197
2,2,6,21,2000,221
2,2,6,21,2000,444
2,2,6,21,2000,666
2,2,6,21,2000,1333
1,1,99,21,5000,1667
1,1,99,21,5000,3333
1,1,99,21,5000,3888
1,1,99,21,5000,4444
2,1,99,21,5000,4505
2,1,99,21,5000,4567
2,1,99,21,5000,4629
2,1,99,21,5000,4815
1,2,99,21,5000,1667
1,2,99,21,5000,3333
1,2,99,21,5000,3888
1,2,99,21,5000,4073
1,2,99,21,5000,4259
1,2,99,21,5000,4321
2,2,99,21,5000,4383
2,2,99,21,5000,4444
2,1,0.2,21,10000,122
2,1,0.2,21,10000,246
2,1,0.2,21,10000,370
2,1,0.2,21,10000,741
2,1,0.2,21,10000,1111
2,1,0.2,21,10000,2222
2,1,0.2,21,10000,3333
2,1,0.2,21,10000,6666
1,2,0.2,21,10000,122
2,2,0.2,21,10000,246
2,2,0.2,21,10000,370
2,2,0.2,21,10000,741
2,2,0.2,21,10000,1111
2,2,0.2,21,10000,2222
2,2,0.2,21,10000,3333
2,2,0.2,21,10000,6666
1,1,70,22,150,50
1,1,70,22,150,66
1,1,70,22,150,83
1,1,70,22,150,84
1,1,70,22,150,86
2,1,70,22,150,88
2,1,70,22,150,94
2,1,70,22,150,100
1,2,70,22,150,50
1,2,70,22,150,66
2,2,70,22,150,67
1,2,70,22,150,69
2,2,70,22,150,71
1,2,70,22,150,77
2,2,70,22,150,83
2,2,70,22,150,100
1,1,90,22,400,133
1,1,90,22,400,266
1,1,90,22,400,280
2,1,90,22,400,285
2,1,90,22,400,290
2,1,90,22,400,295
2,1,90,22,400,310
2,1,90,22,400,355
1,2,90,22,400,133
1,2,90,22,400,266
1,2,90,22,400,280
2,2,90,22,400,285
2,2,90,22,400,290
2,2,90,22,400,295
2,2,90,22,400,310
2,2,90,22,400,355
1,1,10,22,500,56
1,1,10,22,500,112
2,1,10,22,500,117
1,1,10,22,500,124
2,1,10,22,500,130
2,1,10,22,500,149
2,1,10,22,500,167
2,1,10,22,500,333
1,2,10,22,500,56
1,2,10,22,500,74
1,2,10,22,500,93
2,2,10,22,500,99
2,2,10,22,500,106
2,2,10,22,500,112
2,2,10,22,500,167
2,2,10,22,500,333
1,1,55,22,700,233
1,1,55,22,700,259
1,1,55,22,700,267
2,1,55,22,700,276
2,1,55,22,700,285
2,1,55,22,700,311
2,1,55,22,700,389
2,1,55,22,700,467
1,2,55,22,700,233
1,2,55,22,700,311
1,2,55,22,700,319
2,2,55,22,700,328
2,2,55,22,700,337
2,2,55,22,700,363
2,2,55,22,700,389
2,2,55,22,700,467
1,1,6,22,2000,22
1,1,6,22,2000,47
2,1,6,22,2000,72
2,1,6,22,2000,147
2,1,6,22,2000,221
2,1,6,22,2000,444
2,1,6,22,2000,666
2,1,6,22,2000,1333
1,2,6,22,2000,72
1,2,6,22,2000,147
2,2,6,22,2000,172
1,2,6,22,2000,197
2,2,6,22,2000,221
2,2,6,22,2000,444
2,2,6,22,2000,666
2,2,6,22,2000,1333
1,1,99,22,5000,1667
1,1,99,22,5000,3333
1,1,99,22,5000,3517
2,1,99,22,5000,3579
2,1,99,22,5000,3641
2,1,99,22,5000,3703
2,1,99,22,5000,3888
2,1,99,22,5000,4444
1,2,99,22,5000,1667
1,2,99,22,5000,3333
1,2,99,22,5000,3517
1,2,99,22,5000,3703
1,2,99,22,5000,3765
2,2,99,22,5000,3827
2,2,99,22,5000,3888
2,2,99,22,5000,4444
1,1,0.2,22,10000,122
2,1,0.2,22,10000,246
2,1,0.2,22,10000,370
2,1,0.2,22,10000,741
2,1,0.2,22,10000,1111
2,1,0.2,22,10000,2222
2,1,0.2,22,10000,3333
2,1,0.2,22,10000,6666
2,2,0.2,22,10000,122
2,2,0.2,22,10000,246
2,2,0.2,22,10000,370
2,2,0.2,22,10000,741
2,2,0.2,22,10000,1111
2,2,0.2,22,10000,2222
2,2,0.2,22,10000,3333
2,2,0.2,22,10000,6666
1,1,70,23,150,16
1,1,70,23,150,33
1,1,70,23,150,38
1,1,70,23,150,44
1,1,70,23,150,46
1,1,70,23,150,48
2,1,70,23,150,50
2,1,70,23,150,100
1,2,70,23,150,50
1,2,70,23,150,100
1,2,70,23,150,100
1,2,70,23,150,102
2,2,70,23,150,104
1,2,70,23,150,110
2,2,70,23,150,116
2,2,70,23,150,133
1,1,90,23,400,133
1,1,90,23,400,266
1,1,90,23,400,310
2,1,90,23,400,315
2,1,90,23,400,320
2,1,90,23,400,325
2,1,90,23,400,340
2,1,90,23,400,355
1,2,90,23,400,133
1,2,90,23,400,177
1,2,90,23,400,222
1,2,90,23,400,237
1,2,90,23,400,252
1,2,90,23,400,257
1,2,90,23,400,262
2,2,90,23,400,266
1,1,10,23,500,56
1,1,10,23,500,74
1,1,10,23,500,93
1,1,10,23,500,99
1,1,10,23,500,106
2,1,10,23,500,112
2,1,10,23,500,167
2,1,10,23,500,333
1,2,10,23,500,56
1,2,10,23,500,112
1,2,10,23,500,117
1,2,10,23,500,124
2,2,10,23,500,130
2,2,10,23,500,149
2,2,10,23,500,167
2,2,10,23,500,333
1,1,55,23,700,233
1,1,55,23,700,311
2,1,55,23,700,319
2,1,55,23,700,328
2,1,55,23,700,337
2,1,55,23,700,363
2,1,55,23,700,389
2,1,55,23,700,467
1,2,55,23,700,233
1,2,55,23,700,241
1,2,55,23,700,250
2,2,55,23,700,259
1,2,55,23,700,285
2,2,55,23,700,311
2,2,55,23,700,389
2,2,55,23,700,467
1,1,6,23,2000,72
1,1,6,23,2000,147
1,1,6,23,2000,172
1,1,6,23,2000,197
2,1,6,23,2000,221
2,1,6,23,2000,444
2,1,6,23,2000,666
2,1,6,23,2000,1333
1,2,6,23,2000,72
1,2,6,23,2000,147
1,2,6,23,2000,172
1,2,6,23,2000,197
2,2,6,23,2000,221
2,2,6,23,2000,444
2,2,6,23,2000,666
2,2,6,23,2000,1333
1,1,99,23,5000,1667
1,1,99,23,5000,3333
1,1,99,23,5000,3888
2,1,99,23,5000,3949
2,1,99,23,5000,4011
2,1,99,23,5000,4073
2,1,99,23,5000,4259
2,1,99,23,5000,4444
1,2,99,23,5000,1667
1,2,99,23,5000,3333
1,2,99,23,5000,3888
2,2,99,23,5000,3949
2,2,99,23,5000,4011
2,2,99,23,5000,4073
1,2,99,23,5000,4259
2,2,99,23,5000,4444
1,1,0.2,23,10000,370
2,1,0.2,23,10000,493
2,1,0.2,23,10000,617
2,1,0.2,23,10000,741
2,1,0.2,23,10000,1111
2,1,0.2,23,10000,2222
2,1,0.2,23,10000,3333
2,1,0.2,23,10000,6666
1,2,0.2,23,10000,370
2,2,0.2,23,10000,493
2,2,0.2,23,10000,617
2,2,0.2,23,10000,741
2,2,0.2,23,10000,1111
2,2,0.2,23,10000,2222
2,2,0.2,23,10000,3333
2,2,0.2,23,10000,6666
1,1,70,24,150,4
1,1,70,24,150,10
1,1,70,24,150,12
1,1,70,24,150,14
2,1,70,24,150,16
1,1,70,24,150,33
2,1,70,24,150,50
2,1,70,24,150,100
1,2,70,24,150,16
1,2,70,24,150,33
2,2,70,24,150,34
1,2,70,24,150,36
2,2,70,24,150,38
2,2,70,24,150,44
2,2,70,24,150,50
2,2,70,24,150,100
1,1,90,24,400,133
1,1,90,24,400,137
2,1,90,24,400,142
2,1,90,24,400,147
1,1,90,24,400,162
2,1,90,24,400,177
2,1,90,24,400,222
2,1,90,24,400,266
1,2,90,24,400,133
1,2,90,24,400,137
2,2,90,24,400,142
2,2,90,24,400,147
1,2,90,24,400,162
2,2,90,24,400,177
2,2,90,24,400,222
2,2,90,24,400,266
1,1,10,24,500,5
1,1,10,24,500,12
2,1,10,24,500,18
2,1,10,24,500,37
2,1,10,24,500,56
2,1,10,24,500,112
2,1,10,24,500,167
2,1,10,24,500,333
1,2,10,24,500,18
1,2,10,24,500,37
2,2,10,24,500,43
2,2,10,24,500,50
2,2,10,24,500,56
2,2,10,24,500,112
2,2,10,24,500,167
2,2,10,24,500,333
1,1,55,24,700,25
2,1,55,24,700,33
2,1,55,24,700,42
2,1,55,24,700,51
2,1,55,24,700,77
2,1,55,24,700,155
2,1,55,24,700,233
2,1,55,24,700,467
1,2,55,24,700,7
1,2,55,24,700,16
2,2,55,24,700,25
2,2,55,24,700,51
2,2,55,24,700,77
2,2,55,24,700,155
2,2,55,24,700,233
2,2,55,24,700,467
2,1,6,24,2000,22
2,1,6,24,2000,47
2,1,6,24,2000,72
2,1,6,24,2000,147
2,1,6,24,2000,221
2,1,6,24,2000,444
2,1,6,24,2000,666
2,1,6,24,2000,1333
2,2,6,24,2000,22
2,2,6,24,2000,47
2,2,6,24,2000,72
2,2,6,24,2000,147
2,2,6,24,2000,221
2,2,6,24,2000,444
2,2,6,24,2000,666
2,2,6,24,2000,1333
1,1,99,24,5000,1667
1,1,99,24,5000,3333
1,1,99,24,5000,3517
1,1,99,24,5000,3703
1,1,99,24,5000,3765
1,1,99,24,5000,3827
2,1,99,24,5000,3888
2,1,99,24,5000,4444
1,2,99,24,5000,1667
1,2,99,24,5000,3333
1,2,99,24,5000,3517
1,2,99,24,5000,3703
1,2,99,24,5000,3765
1,2,99,24,5000,3827
2,2,99,24,5000,3888
2,2,99,24,5000,4444
2,1,0.2,24,10000,122
2,1,0.2,24,10000,246
2,1,0.2,24,10000,370
2,1,0.2,24,10000,741
2,1,0.2,24,10000,1111
2,1,0.2,24,10000,2222
2,1,0.2,24,10000,3333
2,1,0.2,24,10000,6666
2,2,0.2,24,10000,122
2,2,0.2,24,10000,246
2,2,0.2,24,10000,370
2,2,0.2,24,10000,741
2,2,0.2,24,10000,1111
2,2,0.2,24,10000,2222
2,2,0.2,24,10000,3333
2,2,0.2,24,10000,6666
1,1,70,25,150,50
2,1,70,25,150,50
2,1,70,25,150,52
2,1,70,25,150,54
2,1,70,25,150,60
2,1,70,25,150,66
2,1,70,25,150,83
2,1,70,25,150,100
1,2,70,25,150,50
2,2,70,25,150,50
2,2,70,25,150,52
2,2,70,25,150,54
2,2,70,25,150,60
2,2,70,25,150,66
2,2,70,25,150,83
2,2,70,25,150,100
1,1,90,25,400,133
1,1,90,25,400,266
1,1,90,25,400,280
1,1,90,25,400,295
2,1,90,25,400,300
2,1,90,25,400,305
2,1,90,25,400,310
2,1,90,25,400,355
1,2,90,25,400,133
1,2,90,25,400,266
1,2,90,25,400,310
1,2,90,25,400,355
1,2,90,25,400,370
1,2,90,25,400,385
2,2,90,25,400,390
2,2,90,25,400,395
1,1,10,25,500,5
1,1,10,25,500,12
2,1,10,25,500,18
2,1,10,25,500,37
2,1,10,25,500,56
2,1,10,25,500,112
2,1,10,25,500,167
2,1,10,25,500,333
1,2,10,25,500,5
1,2,10,25,500,12
2,2,10,25,500,18
2,2,10,25,500,37
2,2,10,25,500,56
2,2,10,25,500,112
2,2,10,25,500,167
2,2,10,25,500,333
1,1,55,25,700,7
1,1,55,25,700,16
2,1,55,25,700,25
1,1,55,25,700,51
2,1,55,25,700,77
2,1,55,25,700,155
2,1,55,25,700,233
2,1,55,25,700,467
1,2,55,25,700,25
1,2,55,25,700,51
1,2,55,25,700,59
1,2,55,25,700,68
2,2,55,25,700,77
2,2,55,25,700,155
2,2,55,25,700,233
2,2,55,25,700,467
2,1,6,25,2000,22
2,1,6,25,2000,47
2,1,6,25,2000,72
2,1,6,25,2000,147
2,1,6,25,2000,221
2,1,6,25,2000,444
2,1,6,25,2000,666
2,1,6,25,2000,1333
2,2,6,25,2000,22
2,2,6,25,2000,47
2,2,6,25,2000,72
2,2,6,25,2000,147
2,2,6,25,2000,221
2,2,6,25,2000,444
2,2,6,25,2000,666
2,2,6,25,2000,1333
1,1,99,25,5000,1667
1,1,99,25,5000,3333
1,1,99,25,5000,3888
1,1,99,25,5000,4444
1,1,99,25,5000,4629
1,1,99,25,5000,4815
1,1,99,25,5000,4877
1,1,99,25,5000,4939
1,2,99,25,5000,1667
1,2,99,25,5000,3333
1,2,99,25,5000,3888
1,2,99,25,5000,4444
1,2,99,25,5000,4629
1,2,99,25,5000,4815
1,2,99,25,5000,4877
1,2,99,25,5000,4939
2,1,0.2,25,10000,122
2,1,0.2,25,10000,246
2,1,0.2,25,10000,370
2,1,0.2,25,10000,741
2,1,0.2,25,10000,1111
2,1,0.2,25,10000,2222
2,1,0.2,25,10000,3333
2,1,0.2,25,10000,6666
2,2,0.2,25,10000,122
2,2,0.2,25,10000,246
2,2,0.2,25,10000,370
2,2,0.2,25,10000,741
2,2,0.2,25,10000,1111
2,2,0.2,25,10000,2222
2,2,0.2,25,10000,3333
2,2,0.2,25,10000,6666
1,1,70,26,150,50
1,1,70,26,150,66
2,1,70,26,150,67
2,1,70,26,150,69
2,1,70,26,150,71
2,1,70,26,150,77
2,1,70,26,150,83
2,1,70,26,150,100
1,2,70,26,150,50
1,2,70,26,150,66
2,2,70,26,150,67
2,2,70,26,150,69
2,2,70,26,150,71
2,2,70,26,150,77
2,2,70,26,150,83
2,2,70,26,150,100
1,1,90,26,400,133
1,1,90,26,400,266
2,1,90,26,400,270
2,1,90,26,400,275
2,1,90,26,400,280
2,1,90,26,400,295
2,1,90,26,400,310
2,1,90,26,400,355
1,2,90,26,400,133
1,2,90,26,400,177
1,2,90,26,400,222
1,2,90,26,400,237
1,2,90,26,400,252
2,2,90,26,400,257
2,2,90,26,400,262
2,2,90,26,400,266
1,1,10,26,500,56
1,1,10,26,500,74
1,1,10,26,500,80
1,1,10,26,500,87
2,1,10,26,500,93
2,1,10,26,500,112
2,1,10,26,500,167
2,1,10,26,500,333
1,2,10,26,500,56
1,2,10,26,500,61
2,2,10,26,500,68
2,2,10,26,500,74
1,2,10,26,500,93
2,2,10,26,500,112
2,2,10,26,500,167
2,2,10,26,500,333
1,1,55,26,700,233
1,1,55,26,700,467
2,1,55,26,700,475
2,1,55,26,700,484
2,1,55,26,700,493
2,1,55,26,700,519
2,1,55,26,700,545
2,1,55,26,700,623
1,2,55,26,700,233
1,2,55,26,700,467
2,2,55,26,700,475
2,2,55,26,700,484
2,2,55,26,700,493
2,2,55,26,700,519
2,2,55,26,700,545
2,2,55,26,700,623
1,1,6,26,2000,221
1,1,6,26,2000,295
1,1,6,26,2000,370
2,1,6,26,2000,395
2,1,6,26,2000,420
2,1,6,26,2000,444
2,1,6,26,2000,666
2,1,6,26,2000,1333
1,2,6,26,2000,221
1,2,6,26,2000,444
2,2,6,26,2000,468
2,2,6,26,2000,493
2,2,6,26,2000,518
2,2,6,26,2000,593
2,2,6,26,2000,666
2,2,6,26,2000,1333
1,1,99,26,5000,1667
1,1,99,26,5000,3333
1,1,99,26,5000,3888
1,1,99,26,5000,4073
1,1,99,26,5000,4259
1,1,99,26,5000,4321
2,1,99,26,5000,4383
2,1,99,26,5000,4444
1,2,99,26,5000,1667
1,2,99,26,5000,3333
1,2,99,26,5000,3888
1,2,99,26,5000,4073
1,2,99,26,5000,4135
2,2,99,26,5000,4197
2,2,99,26,5000,4259
2,2,99,26,5000,4444
2,1,0.2,26,10000,122
2,1,0.2,26,10000,246
2,1,0.2,26,10000,370
2,1,0.2,26,10000,741
2,1,0.2,26,10000,1111
2,1,0.2,26,10000,2222
2,1,0.2,26,10000,3333
2,1,0.2,26,10000,6666
1,2,0.2,26,10000,122
2,2,0.2,26,10000,246
2,2,0.2,26,10000,370
2,2,0.2,26,10000,741
2,2,0.2,26,10000,1111
2,2,0.2,26,10000,2222
2,2,0.2,26,10000,3333
2,2,0.2,26,10000,6666
1,1,70,27,150,50
1,1,70,27,150,66
2,1,70,27,150,67
2,1,70,27,150,69
2,1,70,27,150,71
1,1,70,27,150,77
2,1,70,27,150,83
2,1,70,27,150,100
1,2,70,27,150,50
1,2,70,27,150,54
1,2,70,27,150,60
2,2,70,27,150,62
2,2,70,27,150,64
2,2,70,27,150,66
2,2,70,27,150,83
2,2,70,27,150,100
1,1,90,27,400,133
1,1,90,27,400,147
2,1,90,27,400,152
2,1,90,27,400,157
2,1,90,27,400,162
2,1,90,27,400,177
1,1,90,27,400,222
2,1,90,27,400,266
1,2,90,27,400,133
1,2,90,27,400,147
1,2,90,27,400,152
2,2,90,27,400,157
2,2,90,27,400,162
2,2,90,27,400,177
2,2,90,27,400,222
2,2,90,27,400,266
1,1,10,27,500,56
1,1,10,27,500,61
1,1,10,27,500,68
2,1,10,27,500,74
2,1,10,27,500,93
2,1,10,27,500,112
2,1,10,27,500,167
2,1,10,27,500,333
1,2,10,27,500,18
1,2,10,27,500,37
1,2,10,27,500,43
2,2,10,27,500,50
2,2,10,27,500,56
2,2,10,27,500,112
2,2,10,27,500,167
2,2,10,27,500,333
1,1,55,27,700,77
1,1,55,27,700,155
2,1,55,27,700,163
2,1,55,27,700,172
2,1,55,27,700,181
2,1,55,27,700,207
2,1,55,27,700,233
2,1,55,27,700,467
1,2,55,27,700,77
1,2,55,27,700,155
2,2,55,27,700,163
2,2,55,27,700,172
2,2,55,27,700,181
1,2,55,27,700,207
2,2,55,27,700,233
2,2,55,27,700,467
1,1,6,27,2000,72
1,1,6,27,2000,147
2,1,6,27,2000,172
2,1,6,27,2000,197
2,1,6,27,2000,221
2,1,6,27,2000,444
2,1,6,27,2000,666
2,1,6,27,2000,1333
1,2,6,27,2000,72
1,2,6,27,2000,147
1,2,6,27,2000,172
2,2,6,27,2000,197
2,2,6,27,2000,221
2,2,6,27,2000,444
2,2,6,27,2000,666
2,2,6,27,2000,1333
1,1,99,27,5000,1667
1,1,99,27,5000,3333
1,1,99,27,5000,3888
1,1,99,27,5000,4444
1,1,99,27,5000,4629
2,1,99,27,5000,4691
2,1,99,27,5000,4753
2,1,99,27,5000,4815
1,2,99,27,5000,1667
1,2,99,27,5000,3333
1,2,99,27,5000,3888
1,2,99,27,5000,4444
2,2,99,27,5000,4505
1,2,99,27,5000,4567
2,2,99,27,5000,4629
2,2,99,27,5000,4815
2,1,0.2,27,10000,122
2,1,0.2,27,10000,246
2,1,0.2,27,10000,370
2,1,0.2,27,10000,741
2,1,0.2,27,10000,1111
2,1,0.2,27,10000,2222
2,1,0.2,27,10000,3333
2,1,0.2,27,10000,6666
1,2,0.2,27,10000,370
2,2,0.2,27,10000,493
2,2,0.2,27,10000,617
2,2,0.2,27,10000,741
2,2,0.2,27,10000,1111
2,2,0.2,27,10000,2222
2,2,0.2,27,10000,3333
2,2,0.2,27,10000,6666
1,1,70,28,150,16
1,1,70,28,150,33
1,1,70,28,150,38
1,1,70,28,150,44
1,1,70,28,150,46
1,1,70,28,150,48
2,1,70,28,150,50
2,1,70,28,150,100
1,2,70,28,150,16
1,2,70,28,150,33
1,2,70,28,150,38
1,2,70,28,150,44
1,2,70,28,150,46
1,2,70,28,150,48
2,2,70,28,150,50
2,2,70,28,150,100
1,1,90,28,400,14
1,1,90,28,400,29
1,1,90,28,400,34
1,1,90,28,400,39
2,1,90,28,400,44
1,1,90,28,400,89
2,1,90,28,400,133
2,1,90,28,400,266
1,2,90,28,400,133
1,2,90,28,400,137
1,2,90,28,400,142
2,2,90,28,400,147
1,2,90,28,400,162
2,2,90,28,400,177
2,2,90,28,400,222
2,2,90,28,400,266
1,1,10,28,500,5
1,1,10,28,500,12
2,1,10,28,500,18
2,1,10,28,500,37
2,1,10,28,500,56
2,1,10,28,500,112
2,1,10,28,500,167
2,1,10,28,500,333
1,2,10,28,500,5
1,2,10,28,500,12
2,2,10,28,500,18
2,2,10,28,500,37
2,2,10,28,500,56
2,2,10,28,500,112
2,2,10,28,500,167
2,2,10,28,500,333
1,1,55,28,700,25
1,1,55,28,700,51
1,1,55,28,700,59
1,1,55,28,700,68
2,1,55,28,700,77
2,1,55,28,700,155
2,1,55,28,700,233
2,1,55,28,700,467
1,2,55,28,700,25
1,2,55,28,700,51
1,2,55,28,700,59
1,2,55,28,700,68
2,2,55,28,700,77
2,2,55,28,700,155
2,2,55,28,700,233
2,2,55,28,700,467
1,1,6,28,2000,22
2,1,6,28,2000,47
2,1,6,28,2000,72
2,1,6,28,2000,147
2,1,6,28,2000,221
2,1,6,28,2000,444
2,1,6,28,2000,666
2,1,6,28,2000,1333
1,2,6,28,2000,22
2,2,6,28,2000,47
2,2,6,28,2000,72
2,2,6,28,2000,147
2,2,6,28,2000,221
2,2,6,28,2000,444
2,2,6,28,2000,666
2,2,6,28,2000,1333
1,1,99,28,5000,1667
1,1,99,28,5000,3333
1,1,99,28,5000,3517
1,1,99,28,5000,3703
1,1,99,28,5000,3765
1,1,99,28,5000,3827
2,1,99,28,5000,3888
2,1,99,28,5000,4444
1,2,99,28,5000,1667
1,2,99,28,5000,3333
1,2,99,28,5000,3517
1,2,99,28,5000,3703
1,2,99,28,5000,3765
1,2,99,28,5000,3827
2,2,99,28,5000,3888
2,2,99,28,5000,4444
2,1,0.2,28,10000,122
2,1,0.2,28,10000,246
2,1,0.2,28,10000,370
2,1,0.2,28,10000,741
2,1,0.2,28,10000,1111
2,1,0.2,28,10000,2222
2,1,0.2,28,10000,3333
2,1,0.2,28,10000,6666
2,2,0.2,28,10000,122
2,2,0.2,28,10000,246
2,2,0.2,28,10000,370
2,2,0.2,28,10000,741
2,2,0.2,28,10000,1111
2,2,0.2,28,10000,2222
2,2,0.2,28,10000,3333
2,2,0.2,28,10000,6666
1,1,70,29,150,16
1,1,70,29,150,33
1,1,70,29,150,38
1,1,70,29,150,44
1,1,70,29,150,46
2,1,70,29,150,48
2,1,70,29,150,50
1,1,70,29,150,100
1,2,70,29,150,50
1,2,70,29,150,66
1,2,70,29,150,83
1,2,70,29,150,88
1,2,70,29,150,94
1,2,70,29,150,96
1,2,70,29,150,98
2,2,70,29,150,100
1,1,90,29,400,133
1,1,90,29,400,177
1,1,90,29,400,222
1,1,90,29,400,237
1,1,90,29,400,252
1,1,90,29,400,257
2,1,90,29,400,262
2,1,90,29,400,266
1,2,90,29,400,44
1,2,90,29,400,89
1,2,90,29,400,104
1,2,90,29,400,119
1,2,90,29,400,124
2,2,90,29,400,129
2,2,90,29,400,133
2,2,90,29,400,266
1,1,10,29,500,56
2,1,10,29,500,61
2,1,10,29,500,68
2,1,10,29,500,74
2,1,10,29,500,93
2,1,10,29,500,112
2,1,10,29,500,167
2,1,10,29,500,333
2,2,10,29,500,5
2,2,10,29,500,12
2,2,10,29,500,18
2,2,10,29,500,37
2,2,10,29,500,56
2,2,10,29,500,112
2,2,10,29,500,167
2,2,10,29,500,333
1,1,55,29,700,233
2,1,55,29,700,241
2,1,55,29,700,250
2,1,55,29,700,259
2,1,55,29,700,285
2,1,55,29,700,311
1,1,55,29,700,389
2,1,55,29,700,467
1,2,55,29,700,77
1,2,55,29,700,155
2,2,55,29,700,163
2,2,55,29,700,172
2,2,55,29,700,181
2,2,55,29,700,207
2,2,55,29,700,233
1,2,55,29,700,467
2,1,6,29,2000,22
1,1,6,29,2000,47
2,1,6,29,2000,72
2,1,6,29,2000,147
2,1,6,29,2000,221
2,1,6,29,2000,444
2,1,6,29,2000,666
2,1,6,29,2000,1333
2,2,6,29,2000,22
2,2,6,29,2000,47
2,2,6,29,2000,72
2,2,6,29,2000,147
2,2,6,29,2000,221
2,2,6,29,2000,444
2,2,6,29,2000,666
2,2,6,29,2000,1333
1,1,99,29,5000,1667
1,1,99,29,5000,3333
1,1,99,29,5000,3888
1,1,99,29,5000,4444
2,1,99,29,5000,4505
2,1,99,29,5000,4567
2,1,99,29,5000,4629
2,1,99,29,5000,4815
1,2,99,29,5000,1667
1,2,99,29,5000,3333
1,2,99,29,5000,3888
1,2,99,29,5000,4444
1,2,99,29,5000,4505
1,2,99,29,5000,4567
2,2,99,29,5000,4629
1,2,99,29,5000,4815
2,1,0.2,29,10000,122
2,1,0.2,29,10000,246
2,1,0.2,29,10000,370
2,1,0.2,29,10000,741
2,1,0.2,29,10000,1111
2,1,0.2,29,10000,2222
2,1,0.2,29,10000,3333
2,1,0.2,29,10000,6666
1,2,0.2,29,10000,122
2,2,0.2,29,10000,246
2,2,0.2,29,10000,370
2,2,0.2,29,10000,741
2,2,0.2,29,10000,1111
2,2,0.2,29,10000,2222
2,2,0.2,29,10000,3333
2,2,0.2,29,10000,6666
1,1,70,30,150,50
1,1,70,30,150,66
1,1,70,30,150,83
1,1,70,30,150,88
1,1,70,30,150,94
2,1,70,30,150,96
1,1,70,30,150,98
2,1,70,30,150,100
1,2,70,30,150,50
1,2,70,30,150,54
1,2,70,30,150,60
1,2,70,30,150,62
2,2,70,30,150,64
2,2,70,30,150,66
1,2,70,30,150,83
2,2,70,30,150,100
1,1,90,30,400,133
1,1,90,30,400,266
1,1,90,30,400,310
1,1,90,30,400,355
1,1,90,30,400,370
2,1,90,30,400,375
2,1,90,30,400,380
2,1,90,30,400,385
1,2,90,30,400,133
1,2,90,30,400,177
1,2,90,30,400,222
2,2,90,30,400,227
2,2,90,30,400,232
2,2,90,30,400,237
2,2,90,30,400,252
2,2,90,30,400,266
1,1,10,30,500,5
1,1,10,30,500,12
2,1,10,30,500,18
1,1,10,30,500,37
2,1,10,30,500,56
2,1,10,30,500,112
2,1,10,30,500,167
2,1,10,30,500,333
1,2,10,30,500,18
1,2,10,30,500,37
1,2,10,30,500,43
1,2,10,30,500,50
2,2,10,30,500,56
1,2,10,30,500,112
2,2,10,30,500,167
2,2,10,30,500,333
1,1,55,30,700,233
1,1,55,30,700,241
1,1,55,30,700,250
2,1,55,30,700,259
2,1,55,30,700,285
2,1,55,30,700,311
2,1,55,30,700,389
2,1,55,30,700,467
1,2,55,30,700,77
1,2,55,30,700,155
1,2,55,30,700,181
1,2,55,30,700,207
1,2,55,30,700,215
1,2,55,30,700,224
2,2,55,30,700,233
2,2,55,30,700,467
1,1,6,30,2000,22
1,1,6,30,2000,47
2,1,6,30,2000,72
2,1,6,30,2000,147
2,1,6,30,2000,221
2,1,6,30,2000,444
2,1,6,30,2000,666
2,1,6,30,2000,1333
1,2,6,30,2000,72
1,2,6,30,2000,97
2,2,6,30,2000,122
2,2,6,30,2000,147
2,2,6,30,2000,221
2,2,6,30,2000,444
2,2,6,30,2000,666
2,2,6,30,2000,1333
1,1,99,30,5000,1667
1,1,99,30,5000,3333
1,1,99,30,5000,3517
2,1,99,30,5000,3579
2,1,99,30,5000,3641
2,1,99,30,5000,3703
2,1,99,30,5000,3888
1,1,99,30,5000,4444
1,2,99,30,5000,1667
1,2,99,30,5000,3333
1,2,99,30,5000,3888
2,2,99,30,5000,3949
2,2,99,30,5000,4011
2,2,99,30,5000,4073
2,2,99,30,5000,4259
2,2,99,30,5000,4444
2,1,0.2,30,10000,122
2,1,0.2,30,10000,246
2,1,0.2,30,10000,370
2,1,0.2,30,10000,741
2,1,0.2,30,10000,1111
2,1,0.2,30,10000,2222
2,1,0.2,30,10000,3333
2,1,0.2,30,10000,6666
2,2,0.2,30,10000,122
2,2,0.2,30,10000,246
2,2,0.2,30,10000,370
2,2,0.2,30,10000,741
2,2,0.2,30,10000,1111
2,2,0.2,30,10000,2222
2,2,0.2,30,10000,3333
2,2,0.2,30,10000,6666
